Protein Name,Peptide Modified Sequence,Precursor Mz,Precursor Charge,Replicate Name,File Name,Min Start Time,Max End Time
GnRH1,pGlu-HWSYGLRPG-NH2,591.793789,2,1uMStd6,1uMStd6.mzML,15.49,16.59
GnRH1,pGlu-HWSYGLRPG-NH2,591.793789,2,BAT_1,BAT_1.mzML,15.49,16.59
GnRH1,pGlu-HWSYGLRPG-NH2,591.793789,2,BAT_2,BAT_2.mzML,15.49,16.59
GnRH1,pGlu-HWSYGLRPG-NH2,591.793789,2,BAT_3,BAT_3.mzML,15.49,16.59
GnRH1,pGlu-HWSYGLRPG-NH2,591.793789,2,Brain_1,Brain_1.mzML,15.49,16.59
GnRH1,pGlu-HWSYGLRPG-NH2,591.793789,2,Brain_2,Brain_2.mzML,15.49,16.59
GnRH1,pGlu-HWSYGLRPG-NH2,591.793789,2,Brain_3,Brain_3.mzML,15.49,16.59
GnRH1,pGlu-HWSYGLRPG-NH2,591.793789,2,Heart_1,Heart_1.mzML,15.49,16.59
GnRH1,pGlu-HWSYGLRPG-NH2,591.793789,2,Heart_2,Heart_2.mzML,15.49,16.59
GnRH1,pGlu-HWSYGLRPG-NH2,591.793789,2,Heart_3,Heart_3.mzML,15.49,16.59
GnRH1,pGlu-HWSYGLRPG-NH2,591.793789,2,Ileum_1,Gut_1.mzML,15.49,16.59
GnRH1,pGlu-HWSYGLRPG-NH2,591.793789,2,Ileum_2,Gut_2.mzML,15.49,16.59
GnRH1,pGlu-HWSYGLRPG-NH2,591.793789,2,Ileum_3,Gut_3.mzML,15.49,16.59
GnRH1,pGlu-HWSYGLRPG-NH2,591.793789,2,Kidney_1,Kidney_1.mzML,15.49,16.59
GnRH1,pGlu-HWSYGLRPG-NH2,591.793789,2,Kidney_2,Kidney_2.mzML,15.49,16.59
GnRH1,pGlu-HWSYGLRPG-NH2,591.793789,2,Kidney_3,Kidney_3.mzML,15.49,16.59
GnRH1,pGlu-HWSYGLRPG-NH2,591.793789,2,Liver_1,Liver_1.mzML,15.49,16.59
GnRH1,pGlu-HWSYGLRPG-NH2,591.793789,2,Liver_2,Liver_2.mzML,15.49,16.59
GnRH1,pGlu-HWSYGLRPG-NH2,591.793789,2,Liver_3,Liver_3.mzML,15.49,16.59
GnRH1,pGlu-HWSYGLRPG-NH2,591.793789,2,Lung_1,Lung_1.mzML,15.49,16.59
GnRH1,pGlu-HWSYGLRPG-NH2,591.793789,2,Lung_2,Lung_2.mzML,15.49,16.59
GnRH1,pGlu-HWSYGLRPG-NH2,591.793789,2,Lung_3,Lung_3.mzML,15.49,16.59
GnRH1,pGlu-HWSYGLRPG-NH2,591.793789,2,Pancreas_1,Pancreas_1.mzML,15.49,16.59
GnRH1,pGlu-HWSYGLRPG-NH2,591.793789,2,Pancreas_2,Pancreas_2.mzML,15.49,16.59
GnRH1,pGlu-HWSYGLRPG-NH2,591.793789,2,Pancreas_3,Pancreas_3.mzML,15.49,16.59
GnRH1,pGlu-HWSYGLRPG-NH2,591.793789,2,Quad_1,Quad_1.mzML,15.49,16.59
GnRH1,pGlu-HWSYGLRPG-NH2,591.793789,2,Quad_2,Quad_2.mzML,15.49,16.59
GnRH1,pGlu-HWSYGLRPG-NH2,591.793789,2,Quad_3,Quad_3.mzML,15.49,16.59
GnRH1,pGlu-HWSYGLRPG-NH2,591.793789,2,Spleen_1,Spleen_1.mzML,15.49,16.59
GnRH1,pGlu-HWSYGLRPG-NH2,591.793789,2,Spleen_2,Spleen_2.mzML,15.49,16.59
GnRH1,pGlu-HWSYGLRPG-NH2,591.793789,2,Spleen_3,Spleen_3.mzML,15.49,16.59
GnRH1,pGlu-HWSYGLRPG-NH2,591.793789,2,iWAT_1,iWAT_1.mzML,15.49,16.59
GnRH1,pGlu-HWSYGLRPG-NH2,591.793789,2,iWAT_2,iWAT_2.mzML,15.49,16.59
GnRH1,pGlu-HWSYGLRPG-NH2,591.793789,2,iWAT_3,iWAT_3.mzML,15.49,16.59
GnRH1,pGlu-HWSYGLRPG-NH2,591.793789,2,plasma_1,plasma_1.mzML,15.49,16.59
GnRH1,pGlu-HWSYGLRPG-NH2,591.793789,2,plasma_2,plasma_2.mzML,15.49,16.59
GnRH1,pGlu-HWSYGLRPG-NH2,591.793789,2,plasma_3,plasma_3.mzML,15.49,16.59
Neurokinin A,HKTDSFVGLM-NH2,567.292233,2,1uMStd6,1uMStd6.mzML,16.02,17.02
Neurokinin A,HKTDSFVGLM-NH2,567.292233,2,BAT_1,BAT_1.mzML,16.02,17.02
Neurokinin A,HKTDSFVGLM-NH2,567.292233,2,BAT_2,BAT_2.mzML,16.02,17.02
Neurokinin A,HKTDSFVGLM-NH2,567.292233,2,BAT_3,BAT_3.mzML,16.02,17.02
Neurokinin A,HKTDSFVGLM-NH2,567.292233,2,Brain_1,Brain_1.mzML,16.02,17.02
Neurokinin A,HKTDSFVGLM-NH2,567.292233,2,Brain_2,Brain_2.mzML,16.02,17.02
Neurokinin A,HKTDSFVGLM-NH2,567.292233,2,Brain_3,Brain_3.mzML,16.02,17.02
Neurokinin A,HKTDSFVGLM-NH2,567.292233,2,Heart_1,Heart_1.mzML,16.02,17.02
Neurokinin A,HKTDSFVGLM-NH2,567.292233,2,Heart_2,Heart_2.mzML,16.02,17.02
Neurokinin A,HKTDSFVGLM-NH2,567.292233,2,Heart_3,Heart_3.mzML,16.02,17.02
Neurokinin A,HKTDSFVGLM-NH2,567.292233,2,Ileum_1,Gut_1.mzML,16.02,17.02
Neurokinin A,HKTDSFVGLM-NH2,567.292233,2,Ileum_2,Gut_2.mzML,16.02,17.02
Neurokinin A,HKTDSFVGLM-NH2,567.292233,2,Ileum_3,Gut_3.mzML,16.02,17.02
Neurokinin A,HKTDSFVGLM-NH2,567.292233,2,Kidney_1,Kidney_1.mzML,16.02,17.02
Neurokinin A,HKTDSFVGLM-NH2,567.292233,2,Kidney_2,Kidney_2.mzML,16.02,17.02
Neurokinin A,HKTDSFVGLM-NH2,567.292233,2,Kidney_3,Kidney_3.mzML,16.02,17.02
Neurokinin A,HKTDSFVGLM-NH2,567.292233,2,Liver_1,Liver_1.mzML,16.02,17.02
Neurokinin A,HKTDSFVGLM-NH2,567.292233,2,Liver_2,Liver_2.mzML,16.02,17.02
Neurokinin A,HKTDSFVGLM-NH2,567.292233,2,Liver_3,Liver_3.mzML,16.02,17.02
Neurokinin A,HKTDSFVGLM-NH2,567.292233,2,Lung_1,Lung_1.mzML,16.02,17.02
Neurokinin A,HKTDSFVGLM-NH2,567.292233,2,Lung_2,Lung_2.mzML,16.02,17.02
Neurokinin A,HKTDSFVGLM-NH2,567.292233,2,Lung_3,Lung_3.mzML,16.02,17.02
Neurokinin A,HKTDSFVGLM-NH2,567.292233,2,Pancreas_1,Pancreas_1.mzML,16.02,17.02
Neurokinin A,HKTDSFVGLM-NH2,567.292233,2,Pancreas_2,Pancreas_2.mzML,16.02,17.02
Neurokinin A,HKTDSFVGLM-NH2,567.292233,2,Pancreas_3,Pancreas_3.mzML,16.02,17.02
Neurokinin A,HKTDSFVGLM-NH2,567.292233,2,Quad_1,Quad_1.mzML,16.02,17.02
Neurokinin A,HKTDSFVGLM-NH2,567.292233,2,Quad_2,Quad_2.mzML,16.02,17.02
Neurokinin A,HKTDSFVGLM-NH2,567.292233,2,Quad_3,Quad_3.mzML,16.02,17.02
Neurokinin A,HKTDSFVGLM-NH2,567.292233,2,Spleen_1,Spleen_1.mzML,16.02,17.02
Neurokinin A,HKTDSFVGLM-NH2,567.292233,2,Spleen_2,Spleen_2.mzML,16.02,17.02
Neurokinin A,HKTDSFVGLM-NH2,567.292233,2,Spleen_3,Spleen_3.mzML,16.02,17.02
Neurokinin A,HKTDSFVGLM-NH2,567.292233,2,iWAT_1,iWAT_1.mzML,16.02,17.02
Neurokinin A,HKTDSFVGLM-NH2,567.292233,2,iWAT_2,iWAT_2.mzML,16.02,17.02
Neurokinin A,HKTDSFVGLM-NH2,567.292233,2,iWAT_3,iWAT_3.mzML,16.02,17.02
Neurokinin A,HKTDSFVGLM-NH2,567.292233,2,plasma_1,plasma_1.mzML,16.02,17.02
Neurokinin A,HKTDSFVGLM-NH2,567.292233,2,plasma_2,plasma_2.mzML,16.02,17.02
Neurokinin A,HKTDSFVGLM-NH2,567.292233,2,plasma_3,plasma_3.mzML,16.02,17.02
Neurokinin B,DMHDFFVGLM-NH2,605.772819,2,1uMStd6,1uMStd6.mzML,29.28,29.84
Neurokinin B,DMHDFFVGLM-NH2,605.772819,2,BAT_1,BAT_1.mzML,29.28,29.84
Neurokinin B,DMHDFFVGLM-NH2,605.772819,2,BAT_2,BAT_2.mzML,29.28,29.84
Neurokinin B,DMHDFFVGLM-NH2,605.772819,2,BAT_3,BAT_3.mzML,29.28,29.84
Neurokinin B,DMHDFFVGLM-NH2,605.772819,2,Brain_1,Brain_1.mzML,29.28,29.84
Neurokinin B,DMHDFFVGLM-NH2,605.772819,2,Brain_2,Brain_2.mzML,29.28,29.84
Neurokinin B,DMHDFFVGLM-NH2,605.772819,2,Brain_3,Brain_3.mzML,29.28,29.84
Neurokinin B,DMHDFFVGLM-NH2,605.772819,2,Heart_1,Heart_1.mzML,29.28,29.84
Neurokinin B,DMHDFFVGLM-NH2,605.772819,2,Heart_2,Heart_2.mzML,29.28,29.84
Neurokinin B,DMHDFFVGLM-NH2,605.772819,2,Heart_3,Heart_3.mzML,29.28,29.84
Neurokinin B,DMHDFFVGLM-NH2,605.772819,2,Ileum_1,Gut_1.mzML,29.28,29.84
Neurokinin B,DMHDFFVGLM-NH2,605.772819,2,Ileum_2,Gut_2.mzML,29.28,29.84
Neurokinin B,DMHDFFVGLM-NH2,605.772819,2,Ileum_3,Gut_3.mzML,29.28,29.84
Neurokinin B,DMHDFFVGLM-NH2,605.772819,2,Kidney_1,Kidney_1.mzML,29.28,29.84
Neurokinin B,DMHDFFVGLM-NH2,605.772819,2,Kidney_2,Kidney_2.mzML,29.28,29.84
Neurokinin B,DMHDFFVGLM-NH2,605.772819,2,Kidney_3,Kidney_3.mzML,29.28,29.84
Neurokinin B,DMHDFFVGLM-NH2,605.772819,2,Liver_1,Liver_1.mzML,29.28,29.84
Neurokinin B,DMHDFFVGLM-NH2,605.772819,2,Liver_2,Liver_2.mzML,29.28,29.84
Neurokinin B,DMHDFFVGLM-NH2,605.772819,2,Liver_3,Liver_3.mzML,29.28,29.84
Neurokinin B,DMHDFFVGLM-NH2,605.772819,2,Lung_1,Lung_1.mzML,29.28,29.84
Neurokinin B,DMHDFFVGLM-NH2,605.772819,2,Lung_2,Lung_2.mzML,29.28,29.84
Neurokinin B,DMHDFFVGLM-NH2,605.772819,2,Lung_3,Lung_3.mzML,29.28,29.84
Neurokinin B,DMHDFFVGLM-NH2,605.772819,2,Pancreas_1,Pancreas_1.mzML,29.28,29.84
Neurokinin B,DMHDFFVGLM-NH2,605.772819,2,Pancreas_2,Pancreas_2.mzML,29.28,29.84
Neurokinin B,DMHDFFVGLM-NH2,605.772819,2,Pancreas_3,Pancreas_3.mzML,29.28,29.84
Neurokinin B,DMHDFFVGLM-NH2,605.772819,2,Quad_1,Quad_1.mzML,29.28,29.84
Neurokinin B,DMHDFFVGLM-NH2,605.772819,2,Quad_2,Quad_2.mzML,29.28,29.84
Neurokinin B,DMHDFFVGLM-NH2,605.772819,2,Quad_3,Quad_3.mzML,29.28,29.84
Neurokinin B,DMHDFFVGLM-NH2,605.772819,2,Spleen_1,Spleen_1.mzML,29.28,29.84
Neurokinin B,DMHDFFVGLM-NH2,605.772819,2,Spleen_2,Spleen_2.mzML,29.28,29.84
Neurokinin B,DMHDFFVGLM-NH2,605.772819,2,Spleen_3,Spleen_3.mzML,29.28,29.84
Neurokinin B,DMHDFFVGLM-NH2,605.772819,2,iWAT_1,iWAT_1.mzML,29.28,29.84
Neurokinin B,DMHDFFVGLM-NH2,605.772819,2,iWAT_2,iWAT_2.mzML,29.28,29.84
Neurokinin B,DMHDFFVGLM-NH2,605.772819,2,iWAT_3,iWAT_3.mzML,29.28,29.84
Neurokinin B,DMHDFFVGLM-NH2,605.772819,2,plasma_1,plasma_1.mzML,29.28,29.84
Neurokinin B,DMHDFFVGLM-NH2,605.772819,2,plasma_2,plasma_2.mzML,29.28,29.84
Neurokinin B,DMHDFFVGLM-NH2,605.772819,2,plasma_3,plasma_3.mzML,29.28,29.84
PEP-ABHD15,TSFLG-NH2,523.287473,1,1uMStd6,1uMStd6.mzML,14.43,15.25
PEP-ABHD15,TSFLG-NH2,523.287473,1,BAT_1,BAT_1.mzML,14.43,15.25
PEP-ABHD15,TSFLG-NH2,523.287473,1,BAT_2,BAT_2.mzML,14.43,15.25
PEP-ABHD15,TSFLG-NH2,523.287473,1,BAT_3,BAT_3.mzML,14.43,15.25
PEP-ABHD15,TSFLG-NH2,523.287473,1,Brain_1,Brain_1.mzML,14.43,15.25
PEP-ABHD15,TSFLG-NH2,523.287473,1,Brain_2,Brain_2.mzML,14.43,15.25
PEP-ABHD15,TSFLG-NH2,523.287473,1,Brain_3,Brain_3.mzML,14.43,15.25
PEP-ABHD15,TSFLG-NH2,523.287473,1,Heart_1,Heart_1.mzML,14.43,15.25
PEP-ABHD15,TSFLG-NH2,523.287473,1,Heart_2,Heart_2.mzML,14.43,15.25
PEP-ABHD15,TSFLG-NH2,523.287473,1,Heart_3,Heart_3.mzML,14.43,15.25
PEP-ABHD15,TSFLG-NH2,523.287473,1,Ileum_1,Gut_1.mzML,14.43,15.25
PEP-ABHD15,TSFLG-NH2,523.287473,1,Ileum_2,Gut_2.mzML,14.43,15.25
PEP-ABHD15,TSFLG-NH2,523.287473,1,Ileum_3,Gut_3.mzML,14.43,15.25
PEP-ABHD15,TSFLG-NH2,523.287473,1,Kidney_1,Kidney_1.mzML,14.43,15.25
PEP-ABHD15,TSFLG-NH2,523.287473,1,Kidney_2,Kidney_2.mzML,14.43,15.25
PEP-ABHD15,TSFLG-NH2,523.287473,1,Kidney_3,Kidney_3.mzML,14.43,15.25
PEP-ABHD15,TSFLG-NH2,523.287473,1,Liver_1,Liver_1.mzML,14.43,15.25
PEP-ABHD15,TSFLG-NH2,523.287473,1,Liver_2,Liver_2.mzML,14.43,15.25
PEP-ABHD15,TSFLG-NH2,523.287473,1,Liver_3,Liver_3.mzML,14.43,15.25
PEP-ABHD15,TSFLG-NH2,523.287473,1,Lung_1,Lung_1.mzML,14.43,15.25
PEP-ABHD15,TSFLG-NH2,523.287473,1,Lung_2,Lung_2.mzML,14.43,15.25
PEP-ABHD15,TSFLG-NH2,523.287473,1,Lung_3,Lung_3.mzML,14.43,15.25
PEP-ABHD15,TSFLG-NH2,523.287473,1,Pancreas_1,Pancreas_1.mzML,14.43,15.25
PEP-ABHD15,TSFLG-NH2,523.287473,1,Pancreas_2,Pancreas_2.mzML,14.43,15.25
PEP-ABHD15,TSFLG-NH2,523.287473,1,Pancreas_3,Pancreas_3.mzML,14.43,15.25
PEP-ABHD15,TSFLG-NH2,523.287473,1,Quad_1,Quad_1.mzML,14.43,15.25
PEP-ABHD15,TSFLG-NH2,523.287473,1,Quad_2,Quad_2.mzML,14.43,15.25
PEP-ABHD15,TSFLG-NH2,523.287473,1,Quad_3,Quad_3.mzML,14.43,15.25
PEP-ABHD15,TSFLG-NH2,523.287473,1,Spleen_1,Spleen_1.mzML,14.43,15.25
PEP-ABHD15,TSFLG-NH2,523.287473,1,Spleen_2,Spleen_2.mzML,14.43,15.25
PEP-ABHD15,TSFLG-NH2,523.287473,1,Spleen_3,Spleen_3.mzML,14.43,15.25
PEP-ABHD15,TSFLG-NH2,523.287473,1,iWAT_1,iWAT_1.mzML,14.43,15.25
PEP-ABHD15,TSFLG-NH2,523.287473,1,iWAT_2,iWAT_2.mzML,14.43,15.25
PEP-ABHD15,TSFLG-NH2,523.287473,1,iWAT_3,iWAT_3.mzML,14.43,15.25
PEP-ABHD15,TSFLG-NH2,523.287473,1,plasma_1,plasma_1.mzML,14.43,15.25
PEP-ABHD15,TSFLG-NH2,523.287473,1,plasma_2,plasma_2.mzML,14.43,15.25
PEP-ABHD15,TSFLG-NH2,523.287473,1,plasma_3,plasma_3.mzML,14.43,15.25
PEP-ABI3BP,pGlu-KLPK-NH2,298.199942,2,1uMStd6,1uMStd6.mzML,0.61,7.85
PEP-ABI3BP,pGlu-KLPK-NH2,298.199942,2,BAT_1,BAT_1.mzML,0.61,7.85
PEP-ABI3BP,pGlu-KLPK-NH2,298.199942,2,BAT_2,BAT_2.mzML,0.61,7.85
PEP-ABI3BP,pGlu-KLPK-NH2,298.199942,2,BAT_3,BAT_3.mzML,0.61,7.85
PEP-ABI3BP,pGlu-KLPK-NH2,298.199942,2,Brain_1,Brain_1.mzML,0.61,7.85
PEP-ABI3BP,pGlu-KLPK-NH2,298.199942,2,Brain_2,Brain_2.mzML,0.61,7.85
PEP-ABI3BP,pGlu-KLPK-NH2,298.199942,2,Brain_3,Brain_3.mzML,0.61,7.85
PEP-ABI3BP,pGlu-KLPK-NH2,298.199942,2,Heart_1,Heart_1.mzML,0.61,7.85
PEP-ABI3BP,pGlu-KLPK-NH2,298.199942,2,Heart_2,Heart_2.mzML,0.61,7.85
PEP-ABI3BP,pGlu-KLPK-NH2,298.199942,2,Heart_3,Heart_3.mzML,0.61,7.85
PEP-ABI3BP,pGlu-KLPK-NH2,298.199942,2,Ileum_1,Gut_1.mzML,0.61,7.85
PEP-ABI3BP,pGlu-KLPK-NH2,298.199942,2,Ileum_2,Gut_2.mzML,0.61,7.85
PEP-ABI3BP,pGlu-KLPK-NH2,298.199942,2,Ileum_3,Gut_3.mzML,0.61,7.85
PEP-ABI3BP,pGlu-KLPK-NH2,298.199942,2,Kidney_1,Kidney_1.mzML,0.61,7.85
PEP-ABI3BP,pGlu-KLPK-NH2,298.199942,2,Kidney_2,Kidney_2.mzML,0.61,7.85
PEP-ABI3BP,pGlu-KLPK-NH2,298.199942,2,Kidney_3,Kidney_3.mzML,0.61,7.85
PEP-ABI3BP,pGlu-KLPK-NH2,298.199942,2,Liver_1,Liver_1.mzML,0.61,7.85
PEP-ABI3BP,pGlu-KLPK-NH2,298.199942,2,Liver_2,Liver_2.mzML,0.61,7.85
PEP-ABI3BP,pGlu-KLPK-NH2,298.199942,2,Liver_3,Liver_3.mzML,0.61,7.85
PEP-ABI3BP,pGlu-KLPK-NH2,298.199942,2,Lung_1,Lung_1.mzML,0.61,7.85
PEP-ABI3BP,pGlu-KLPK-NH2,298.199942,2,Lung_2,Lung_2.mzML,0.61,7.85
PEP-ABI3BP,pGlu-KLPK-NH2,298.199942,2,Lung_3,Lung_3.mzML,0.61,7.85
PEP-ABI3BP,pGlu-KLPK-NH2,298.199942,2,Pancreas_1,Pancreas_1.mzML,0.61,7.85
PEP-ABI3BP,pGlu-KLPK-NH2,298.199942,2,Pancreas_2,Pancreas_2.mzML,0.61,7.85
PEP-ABI3BP,pGlu-KLPK-NH2,298.199942,2,Pancreas_3,Pancreas_3.mzML,0.61,7.85
PEP-ABI3BP,pGlu-KLPK-NH2,298.199942,2,Quad_1,Quad_1.mzML,0.61,7.85
PEP-ABI3BP,pGlu-KLPK-NH2,298.199942,2,Quad_2,Quad_2.mzML,0.61,7.85
PEP-ABI3BP,pGlu-KLPK-NH2,298.199942,2,Quad_3,Quad_3.mzML,0.61,7.85
PEP-ABI3BP,pGlu-KLPK-NH2,298.199942,2,Spleen_1,Spleen_1.mzML,0.61,7.85
PEP-ABI3BP,pGlu-KLPK-NH2,298.199942,2,Spleen_2,Spleen_2.mzML,0.61,7.85
PEP-ABI3BP,pGlu-KLPK-NH2,298.199942,2,Spleen_3,Spleen_3.mzML,0.61,7.85
PEP-ABI3BP,pGlu-KLPK-NH2,298.199942,2,iWAT_1,iWAT_1.mzML,0.61,7.85
PEP-ABI3BP,pGlu-KLPK-NH2,298.199942,2,iWAT_2,iWAT_2.mzML,0.61,7.85
PEP-ABI3BP,pGlu-KLPK-NH2,298.199942,2,iWAT_3,iWAT_3.mzML,0.61,7.85
PEP-ABI3BP,pGlu-KLPK-NH2,298.199942,2,plasma_1,plasma_1.mzML,0.61,7.85
PEP-ABI3BP,pGlu-KLPK-NH2,298.199942,2,plasma_2,plasma_2.mzML,0.61,7.85
PEP-ABI3BP,pGlu-KLPK-NH2,298.199942,2,plasma_3,plasma_3.mzML,0.61,7.85
PEP-ABPBG15,LVPFFNVYASVLS-NH2,727.905745,2,1uMStd6,1uMStd6.mzML,32.67,33.1
PEP-ABPBG15,LVPFFNVYASVLS-NH2,727.905745,2,BAT_1,BAT_1.mzML,32.67,33.1
PEP-ABPBG15,LVPFFNVYASVLS-NH2,727.905745,2,BAT_2,BAT_2.mzML,32.67,33.1
PEP-ABPBG15,LVPFFNVYASVLS-NH2,727.905745,2,BAT_3,BAT_3.mzML,32.67,33.1
PEP-ABPBG15,LVPFFNVYASVLS-NH2,727.905745,2,Brain_1,Brain_1.mzML,32.67,33.1
PEP-ABPBG15,LVPFFNVYASVLS-NH2,727.905745,2,Brain_2,Brain_2.mzML,32.67,33.1
PEP-ABPBG15,LVPFFNVYASVLS-NH2,727.905745,2,Brain_3,Brain_3.mzML,32.67,33.1
PEP-ABPBG15,LVPFFNVYASVLS-NH2,727.905745,2,Heart_1,Heart_1.mzML,32.67,33.1
PEP-ABPBG15,LVPFFNVYASVLS-NH2,727.905745,2,Heart_2,Heart_2.mzML,32.67,33.1
PEP-ABPBG15,LVPFFNVYASVLS-NH2,727.905745,2,Heart_3,Heart_3.mzML,32.67,33.1
PEP-ABPBG15,LVPFFNVYASVLS-NH2,727.905745,2,Ileum_1,Gut_1.mzML,32.67,33.1
PEP-ABPBG15,LVPFFNVYASVLS-NH2,727.905745,2,Ileum_2,Gut_2.mzML,32.67,33.1
PEP-ABPBG15,LVPFFNVYASVLS-NH2,727.905745,2,Ileum_3,Gut_3.mzML,32.67,33.1
PEP-ABPBG15,LVPFFNVYASVLS-NH2,727.905745,2,Kidney_1,Kidney_1.mzML,32.67,33.1
PEP-ABPBG15,LVPFFNVYASVLS-NH2,727.905745,2,Kidney_2,Kidney_2.mzML,32.67,33.1
PEP-ABPBG15,LVPFFNVYASVLS-NH2,727.905745,2,Kidney_3,Kidney_3.mzML,32.67,33.1
PEP-ABPBG15,LVPFFNVYASVLS-NH2,727.905745,2,Liver_1,Liver_1.mzML,32.67,33.1
PEP-ABPBG15,LVPFFNVYASVLS-NH2,727.905745,2,Liver_2,Liver_2.mzML,32.67,33.1
PEP-ABPBG15,LVPFFNVYASVLS-NH2,727.905745,2,Liver_3,Liver_3.mzML,32.67,33.1
PEP-ABPBG15,LVPFFNVYASVLS-NH2,727.905745,2,Lung_1,Lung_1.mzML,32.67,33.1
PEP-ABPBG15,LVPFFNVYASVLS-NH2,727.905745,2,Lung_2,Lung_2.mzML,32.67,33.1
PEP-ABPBG15,LVPFFNVYASVLS-NH2,727.905745,2,Lung_3,Lung_3.mzML,32.67,33.1
PEP-ABPBG15,LVPFFNVYASVLS-NH2,727.905745,2,Pancreas_1,Pancreas_1.mzML,32.67,33.1
PEP-ABPBG15,LVPFFNVYASVLS-NH2,727.905745,2,Pancreas_2,Pancreas_2.mzML,32.67,33.1
PEP-ABPBG15,LVPFFNVYASVLS-NH2,727.905745,2,Pancreas_3,Pancreas_3.mzML,32.67,33.1
PEP-ABPBG15,LVPFFNVYASVLS-NH2,727.905745,2,Quad_1,Quad_1.mzML,32.67,33.1
PEP-ABPBG15,LVPFFNVYASVLS-NH2,727.905745,2,Quad_2,Quad_2.mzML,32.67,33.1
PEP-ABPBG15,LVPFFNVYASVLS-NH2,727.905745,2,Quad_3,Quad_3.mzML,32.67,33.1
PEP-ABPBG15,LVPFFNVYASVLS-NH2,727.905745,2,Spleen_1,Spleen_1.mzML,32.67,33.1
PEP-ABPBG15,LVPFFNVYASVLS-NH2,727.905745,2,Spleen_2,Spleen_2.mzML,32.67,33.1
PEP-ABPBG15,LVPFFNVYASVLS-NH2,727.905745,2,Spleen_3,Spleen_3.mzML,32.67,33.1
PEP-ABPBG15,LVPFFNVYASVLS-NH2,727.905745,2,iWAT_1,iWAT_1.mzML,32.67,33.1
PEP-ABPBG15,LVPFFNVYASVLS-NH2,727.905745,2,iWAT_2,iWAT_2.mzML,32.67,33.1
PEP-ABPBG15,LVPFFNVYASVLS-NH2,727.905745,2,iWAT_3,iWAT_3.mzML,32.67,33.1
PEP-ABPBG15,LVPFFNVYASVLS-NH2,727.905745,2,plasma_1,plasma_1.mzML,32.67,33.1
PEP-ABPBG15,LVPFFNVYASVLS-NH2,727.905745,2,plasma_2,plasma_2.mzML,32.67,33.1
PEP-ABPBG15,LVPFFNVYASVLS-NH2,727.905745,2,plasma_3,plasma_3.mzML,32.67,33.1
PEP-ABPBG3,SFFGVYLSTVS-NH2,603.313688,2,1uMStd6,1uMStd6.mzML,27.35,27.98
PEP-ABPBG3,SFFGVYLSTVS-NH2,603.313688,2,BAT_1,BAT_1.mzML,27.35,27.98
PEP-ABPBG3,SFFGVYLSTVS-NH2,603.313688,2,BAT_2,BAT_2.mzML,27.35,27.98
PEP-ABPBG3,SFFGVYLSTVS-NH2,603.313688,2,BAT_3,BAT_3.mzML,27.35,27.98
PEP-ABPBG3,SFFGVYLSTVS-NH2,603.313688,2,Brain_1,Brain_1.mzML,27.34,27.98
PEP-ABPBG3,SFFGVYLSTVS-NH2,603.313688,2,Brain_2,Brain_2.mzML,27.34,27.98
PEP-ABPBG3,SFFGVYLSTVS-NH2,603.313688,2,Brain_3,Brain_3.mzML,27.34,27.98
PEP-ABPBG3,SFFGVYLSTVS-NH2,603.313688,2,Heart_1,Heart_1.mzML,27.35,27.98
PEP-ABPBG3,SFFGVYLSTVS-NH2,603.313688,2,Heart_2,Heart_2.mzML,27.35,27.98
PEP-ABPBG3,SFFGVYLSTVS-NH2,603.313688,2,Heart_3,Heart_3.mzML,27.35,27.98
PEP-ABPBG3,SFFGVYLSTVS-NH2,603.313688,2,Ileum_1,Gut_1.mzML,27.34,27.98
PEP-ABPBG3,SFFGVYLSTVS-NH2,603.313688,2,Ileum_2,Gut_2.mzML,27.34,27.98
PEP-ABPBG3,SFFGVYLSTVS-NH2,603.313688,2,Ileum_3,Gut_3.mzML,27.34,27.98
PEP-ABPBG3,SFFGVYLSTVS-NH2,603.313688,2,Kidney_1,Kidney_1.mzML,27.35,27.98
PEP-ABPBG3,SFFGVYLSTVS-NH2,603.313688,2,Kidney_2,Kidney_2.mzML,27.35,27.98
PEP-ABPBG3,SFFGVYLSTVS-NH2,603.313688,2,Kidney_3,Kidney_3.mzML,27.34,27.98
PEP-ABPBG3,SFFGVYLSTVS-NH2,603.313688,2,Liver_1,Liver_1.mzML,27.35,27.98
PEP-ABPBG3,SFFGVYLSTVS-NH2,603.313688,2,Liver_2,Liver_2.mzML,27.35,27.98
PEP-ABPBG3,SFFGVYLSTVS-NH2,603.313688,2,Liver_3,Liver_3.mzML,27.34,27.98
PEP-ABPBG3,SFFGVYLSTVS-NH2,603.313688,2,Lung_1,Lung_1.mzML,27.35,27.98
PEP-ABPBG3,SFFGVYLSTVS-NH2,603.313688,2,Lung_2,Lung_2.mzML,27.35,27.98
PEP-ABPBG3,SFFGVYLSTVS-NH2,603.313688,2,Lung_3,Lung_3.mzML,27.35,27.98
PEP-ABPBG3,SFFGVYLSTVS-NH2,603.313688,2,Pancreas_1,Pancreas_1.mzML,27.35,27.98
PEP-ABPBG3,SFFGVYLSTVS-NH2,603.313688,2,Pancreas_2,Pancreas_2.mzML,27.35,27.98
PEP-ABPBG3,SFFGVYLSTVS-NH2,603.313688,2,Pancreas_3,Pancreas_3.mzML,27.35,27.98
PEP-ABPBG3,SFFGVYLSTVS-NH2,603.313688,2,Quad_1,Quad_1.mzML,27.34,27.98
PEP-ABPBG3,SFFGVYLSTVS-NH2,603.313688,2,Quad_2,Quad_2.mzML,27.35,27.98
PEP-ABPBG3,SFFGVYLSTVS-NH2,603.313688,2,Quad_3,Quad_3.mzML,27.35,27.98
PEP-ABPBG3,SFFGVYLSTVS-NH2,603.313688,2,Spleen_1,Spleen_1.mzML,27.35,27.98
PEP-ABPBG3,SFFGVYLSTVS-NH2,603.313688,2,Spleen_2,Spleen_2.mzML,27.35,27.98
PEP-ABPBG3,SFFGVYLSTVS-NH2,603.313688,2,Spleen_3,Spleen_3.mzML,27.35,27.98
PEP-ABPBG3,SFFGVYLSTVS-NH2,603.313688,2,iWAT_1,iWAT_1.mzML,27.35,27.98
PEP-ABPBG3,SFFGVYLSTVS-NH2,603.313688,2,iWAT_2,iWAT_2.mzML,27.35,27.98
PEP-ABPBG3,SFFGVYLSTVS-NH2,603.313688,2,iWAT_3,iWAT_3.mzML,27.35,27.98
PEP-ABPBG3,SFFGVYLSTVS-NH2,603.313688,2,plasma_1,plasma_1.mzML,27.35,27.98
PEP-ABPBG3,SFFGVYLSTVS-NH2,603.313688,2,plasma_2,plasma_2.mzML,27.35,27.98
PEP-ABPBG3,SFFGVYLSTVS-NH2,603.313688,2,plasma_3,plasma_3.mzML,27.35,27.98
PEP-ADAMTS4,PWA-NH2,372.203015,1,1uMStd6,1uMStd6.mzML,6.93,7.66
PEP-ADAMTS4,PWA-NH2,372.203015,1,BAT_1,BAT_1.mzML,6.93,7.66
PEP-ADAMTS4,PWA-NH2,372.203015,1,BAT_2,BAT_2.mzML,6.93,7.66
PEP-ADAMTS4,PWA-NH2,372.203015,1,BAT_3,BAT_3.mzML,6.93,7.66
PEP-ADAMTS4,PWA-NH2,372.203015,1,Brain_1,Brain_1.mzML,6.93,7.66
PEP-ADAMTS4,PWA-NH2,372.203015,1,Brain_2,Brain_2.mzML,6.93,7.66
PEP-ADAMTS4,PWA-NH2,372.203015,1,Brain_3,Brain_3.mzML,6.93,7.66
PEP-ADAMTS4,PWA-NH2,372.203015,1,Heart_1,Heart_1.mzML,6.93,7.66
PEP-ADAMTS4,PWA-NH2,372.203015,1,Heart_2,Heart_2.mzML,6.93,7.66
PEP-ADAMTS4,PWA-NH2,372.203015,1,Heart_3,Heart_3.mzML,6.93,7.66
PEP-ADAMTS4,PWA-NH2,372.203015,1,Ileum_1,Gut_1.mzML,6.93,7.66
PEP-ADAMTS4,PWA-NH2,372.203015,1,Ileum_2,Gut_2.mzML,6.93,7.66
PEP-ADAMTS4,PWA-NH2,372.203015,1,Ileum_3,Gut_3.mzML,6.93,7.66
PEP-ADAMTS4,PWA-NH2,372.203015,1,Kidney_1,Kidney_1.mzML,6.93,7.66
PEP-ADAMTS4,PWA-NH2,372.203015,1,Kidney_2,Kidney_2.mzML,6.93,7.66
PEP-ADAMTS4,PWA-NH2,372.203015,1,Kidney_3,Kidney_3.mzML,6.93,7.66
PEP-ADAMTS4,PWA-NH2,372.203015,1,Liver_1,Liver_1.mzML,6.93,7.66
PEP-ADAMTS4,PWA-NH2,372.203015,1,Liver_2,Liver_2.mzML,6.93,7.66
PEP-ADAMTS4,PWA-NH2,372.203015,1,Liver_3,Liver_3.mzML,6.93,7.66
PEP-ADAMTS4,PWA-NH2,372.203015,1,Lung_1,Lung_1.mzML,6.93,7.66
PEP-ADAMTS4,PWA-NH2,372.203015,1,Lung_2,Lung_2.mzML,6.93,7.66
PEP-ADAMTS4,PWA-NH2,372.203015,1,Lung_3,Lung_3.mzML,6.93,7.66
PEP-ADAMTS4,PWA-NH2,372.203015,1,Pancreas_1,Pancreas_1.mzML,6.93,7.66
PEP-ADAMTS4,PWA-NH2,372.203015,1,Pancreas_2,Pancreas_2.mzML,6.93,7.66
PEP-ADAMTS4,PWA-NH2,372.203015,1,Pancreas_3,Pancreas_3.mzML,6.93,7.66
PEP-ADAMTS4,PWA-NH2,372.203015,1,Quad_1,Quad_1.mzML,6.93,7.66
PEP-ADAMTS4,PWA-NH2,372.203015,1,Quad_2,Quad_2.mzML,6.93,7.66
PEP-ADAMTS4,PWA-NH2,372.203015,1,Quad_3,Quad_3.mzML,6.93,7.66
PEP-ADAMTS4,PWA-NH2,372.203015,1,Spleen_1,Spleen_1.mzML,6.93,7.66
PEP-ADAMTS4,PWA-NH2,372.203015,1,Spleen_2,Spleen_2.mzML,6.93,7.66
PEP-ADAMTS4,PWA-NH2,372.203015,1,Spleen_3,Spleen_3.mzML,6.93,7.66
PEP-ADAMTS4,PWA-NH2,372.203015,1,iWAT_1,iWAT_1.mzML,6.93,7.66
PEP-ADAMTS4,PWA-NH2,372.203015,1,iWAT_2,iWAT_2.mzML,6.93,7.66
PEP-ADAMTS4,PWA-NH2,372.203015,1,iWAT_3,iWAT_3.mzML,6.93,7.66
PEP-ADAMTS4,PWA-NH2,372.203015,1,plasma_1,plasma_1.mzML,6.93,7.66
PEP-ADAMTS4,PWA-NH2,372.203015,1,plasma_2,plasma_2.mzML,6.93,7.66
PEP-ADAMTS4,PWA-NH2,372.203015,1,plasma_3,plasma_3.mzML,6.93,7.66
PEP-ADCYAP1,YKQRVKNK-NH2,354.889208,3,1uMStd6,1uMStd6.mzML,0.96,1.93
PEP-ADCYAP1,YKQRVKNK-NH2,354.889208,3,BAT_1,BAT_1.mzML,0.96,1.93
PEP-ADCYAP1,YKQRVKNK-NH2,354.889208,3,BAT_2,BAT_2.mzML,0.96,1.93
PEP-ADCYAP1,YKQRVKNK-NH2,354.889208,3,BAT_3,BAT_3.mzML,0.96,1.93
PEP-ADCYAP1,YKQRVKNK-NH2,354.889208,3,Brain_1,Brain_1.mzML,0.95,1.93
PEP-ADCYAP1,YKQRVKNK-NH2,354.889208,3,Brain_2,Brain_2.mzML,0.95,1.93
PEP-ADCYAP1,YKQRVKNK-NH2,354.889208,3,Brain_3,Brain_3.mzML,0.95,1.93
PEP-ADCYAP1,YKQRVKNK-NH2,354.889208,3,Heart_1,Heart_1.mzML,0.96,1.93
PEP-ADCYAP1,YKQRVKNK-NH2,354.889208,3,Heart_2,Heart_2.mzML,0.96,1.93
PEP-ADCYAP1,YKQRVKNK-NH2,354.889208,3,Heart_3,Heart_3.mzML,0.96,1.93
PEP-ADCYAP1,YKQRVKNK-NH2,354.889208,3,Ileum_1,Gut_1.mzML,0.95,1.93
PEP-ADCYAP1,YKQRVKNK-NH2,354.889208,3,Ileum_2,Gut_2.mzML,0.95,1.93
PEP-ADCYAP1,YKQRVKNK-NH2,354.889208,3,Ileum_3,Gut_3.mzML,0.95,1.93
PEP-ADCYAP1,YKQRVKNK-NH2,354.889208,3,Kidney_1,Kidney_1.mzML,0.96,1.93
PEP-ADCYAP1,YKQRVKNK-NH2,354.889208,3,Kidney_2,Kidney_2.mzML,0.96,1.93
PEP-ADCYAP1,YKQRVKNK-NH2,354.889208,3,Kidney_3,Kidney_3.mzML,0.95,1.93
PEP-ADCYAP1,YKQRVKNK-NH2,354.889208,3,Liver_1,Liver_1.mzML,0.96,1.93
PEP-ADCYAP1,YKQRVKNK-NH2,354.889208,3,Liver_2,Liver_2.mzML,0.96,1.93
PEP-ADCYAP1,YKQRVKNK-NH2,354.889208,3,Liver_3,Liver_3.mzML,0.95,1.93
PEP-ADCYAP1,YKQRVKNK-NH2,354.889208,3,Lung_1,Lung_1.mzML,0.96,1.93
PEP-ADCYAP1,YKQRVKNK-NH2,354.889208,3,Lung_2,Lung_2.mzML,0.96,1.93
PEP-ADCYAP1,YKQRVKNK-NH2,354.889208,3,Lung_3,Lung_3.mzML,0.96,1.93
PEP-ADCYAP1,YKQRVKNK-NH2,354.889208,3,Pancreas_1,Pancreas_1.mzML,0.96,1.93
PEP-ADCYAP1,YKQRVKNK-NH2,354.889208,3,Pancreas_2,Pancreas_2.mzML,0.96,1.93
PEP-ADCYAP1,YKQRVKNK-NH2,354.889208,3,Pancreas_3,Pancreas_3.mzML,0.96,1.93
PEP-ADCYAP1,YKQRVKNK-NH2,354.889208,3,Quad_1,Quad_1.mzML,0.95,1.93
PEP-ADCYAP1,YKQRVKNK-NH2,354.889208,3,Quad_2,Quad_2.mzML,0.96,1.93
PEP-ADCYAP1,YKQRVKNK-NH2,354.889208,3,Quad_3,Quad_3.mzML,0.96,1.93
PEP-ADCYAP1,YKQRVKNK-NH2,354.889208,3,Spleen_1,Spleen_1.mzML,0.96,1.93
PEP-ADCYAP1,YKQRVKNK-NH2,354.889208,3,Spleen_2,Spleen_2.mzML,0.96,1.93
PEP-ADCYAP1,YKQRVKNK-NH2,354.889208,3,Spleen_3,Spleen_3.mzML,0.96,1.93
PEP-ADCYAP1,YKQRVKNK-NH2,354.889208,3,iWAT_1,iWAT_1.mzML,0.96,1.93
PEP-ADCYAP1,YKQRVKNK-NH2,354.889208,3,iWAT_2,iWAT_2.mzML,0.96,1.93
PEP-ADCYAP1,YKQRVKNK-NH2,354.889208,3,iWAT_3,iWAT_3.mzML,0.96,1.93
PEP-ADCYAP1,YKQRVKNK-NH2,354.889208,3,plasma_1,plasma_1.mzML,0.96,1.93
PEP-ADCYAP1,YKQRVKNK-NH2,354.889208,3,plasma_2,plasma_2.mzML,0.96,1.93
PEP-ADCYAP1,YKQRVKNK-NH2,354.889208,3,plasma_3,plasma_3.mzML,0.96,1.93
PEP-ADM,WNKWALSR-NH2,353.866403,3,1uMStd6,1uMStd6.mzML,12.44,13.29
PEP-ADM,WNKWALSR-NH2,353.866403,3,BAT_1,BAT_1.mzML,1.47,13.29
PEP-ADM,WNKWALSR-NH2,353.866403,3,BAT_2,BAT_2.mzML,1.47,13.29
PEP-ADM,WNKWALSR-NH2,353.866403,3,BAT_3,BAT_3.mzML,1.48,13.29
PEP-ADM,WNKWALSR-NH2,353.866403,3,Brain_1,Brain_1.mzML,12.44,26.68
PEP-ADM,WNKWALSR-NH2,353.866403,3,Brain_2,Brain_2.mzML,12.44,19.69
PEP-ADM,WNKWALSR-NH2,353.866403,3,Brain_3,Brain_3.mzML,12.44,18.76
PEP-ADM,WNKWALSR-NH2,353.866403,3,Heart_1,Heart_1.mzML,7.38,13.29
PEP-ADM,WNKWALSR-NH2,353.866403,3,Heart_2,Heart_2.mzML,7.3,13.29
PEP-ADM,WNKWALSR-NH2,353.866403,3,Heart_3,Heart_3.mzML,6.84,13.29
PEP-ADM,WNKWALSR-NH2,353.866403,3,Ileum_1,Gut_1.mzML,1.51,13.29
PEP-ADM,WNKWALSR-NH2,353.866403,3,Ileum_2,Gut_2.mzML,1.51,13.29
PEP-ADM,WNKWALSR-NH2,353.866403,3,Ileum_3,Gut_3.mzML,1.46,13.29
PEP-ADM,WNKWALSR-NH2,353.866403,3,Kidney_1,Kidney_1.mzML,1.49,13.29
PEP-ADM,WNKWALSR-NH2,353.866403,3,Kidney_2,Kidney_2.mzML,1.49,13.29
PEP-ADM,WNKWALSR-NH2,353.866403,3,Kidney_3,Kidney_3.mzML,1.47,13.29
PEP-ADM,WNKWALSR-NH2,353.866403,3,Liver_1,Liver_1.mzML,1.01,13.29
PEP-ADM,WNKWALSR-NH2,353.866403,3,Liver_2,Liver_2.mzML,7.77,13.29
PEP-ADM,WNKWALSR-NH2,353.866403,3,Liver_3,Liver_3.mzML,7.15,13.29
PEP-ADM,WNKWALSR-NH2,353.866403,3,Lung_1,Lung_1.mzML,1.01,13.29
PEP-ADM,WNKWALSR-NH2,353.866403,3,Lung_2,Lung_2.mzML,1.01,13.29
PEP-ADM,WNKWALSR-NH2,353.866403,3,Lung_3,Lung_3.mzML,1.01,13.29
PEP-ADM,WNKWALSR-NH2,353.866403,3,Pancreas_1,Pancreas_1.mzML,1.15,13.29
PEP-ADM,WNKWALSR-NH2,353.866403,3,Pancreas_2,Pancreas_2.mzML,12.44,16.54
PEP-ADM,WNKWALSR-NH2,353.866403,3,Pancreas_3,Pancreas_3.mzML,1.51,13.29
PEP-ADM,WNKWALSR-NH2,353.866403,3,Quad_1,Quad_1.mzML,12.44,17.96
PEP-ADM,WNKWALSR-NH2,353.866403,3,Quad_2,Quad_2.mzML,12.44,31.36
PEP-ADM,WNKWALSR-NH2,353.866403,3,Quad_3,Quad_3.mzML,1.52,13.29
PEP-ADM,WNKWALSR-NH2,353.866403,3,Spleen_1,Spleen_1.mzML,1.01,13.29
PEP-ADM,WNKWALSR-NH2,353.866403,3,Spleen_2,Spleen_2.mzML,12.44,30.1
PEP-ADM,WNKWALSR-NH2,353.866403,3,Spleen_3,Spleen_3.mzML,1.01,13.29
PEP-ADM,WNKWALSR-NH2,353.866403,3,iWAT_1,iWAT_1.mzML,1.51,13.29
PEP-ADM,WNKWALSR-NH2,353.866403,3,iWAT_2,iWAT_2.mzML,9.21,13.29
PEP-ADM,WNKWALSR-NH2,353.866403,3,iWAT_3,iWAT_3.mzML,10.73,13.29
PEP-ADM,WNKWALSR-NH2,353.866403,3,plasma_1,plasma_1.mzML,12.44,18.78
PEP-ADM,WNKWALSR-NH2,353.866403,3,plasma_2,plasma_2.mzML,12.44,18.69
PEP-ADM,WNKWALSR-NH2,353.866403,3,plasma_3,plasma_3.mzML,12.44,18.75
PEP-ANG4,NIRAIC*-NH2,745.413754,1,1uMStd6,1uMStd6.mzML,25.55,26.41
PEP-ANG4,NIRAIC*-NH2,745.413754,1,BAT_1,BAT_1.mzML,25.55,26.41
PEP-ANG4,NIRAIC*-NH2,745.413754,1,BAT_2,BAT_2.mzML,25.55,26.41
PEP-ANG4,NIRAIC*-NH2,745.413754,1,BAT_3,BAT_3.mzML,25.55,26.41
PEP-ANG4,NIRAIC*-NH2,745.413754,1,Brain_1,Brain_1.mzML,25.55,26.41
PEP-ANG4,NIRAIC*-NH2,745.413754,1,Brain_2,Brain_2.mzML,25.55,26.41
PEP-ANG4,NIRAIC*-NH2,745.413754,1,Brain_3,Brain_3.mzML,25.55,26.41
PEP-ANG4,NIRAIC*-NH2,745.413754,1,Heart_1,Heart_1.mzML,25.55,26.41
PEP-ANG4,NIRAIC*-NH2,745.413754,1,Heart_2,Heart_2.mzML,25.55,26.41
PEP-ANG4,NIRAIC*-NH2,745.413754,1,Heart_3,Heart_3.mzML,25.55,26.41
PEP-ANG4,NIRAIC*-NH2,745.413754,1,Ileum_1,Gut_1.mzML,25.55,26.41
PEP-ANG4,NIRAIC*-NH2,745.413754,1,Ileum_2,Gut_2.mzML,25.55,26.41
PEP-ANG4,NIRAIC*-NH2,745.413754,1,Ileum_3,Gut_3.mzML,25.55,26.41
PEP-ANG4,NIRAIC*-NH2,745.413754,1,Kidney_1,Kidney_1.mzML,25.55,26.41
PEP-ANG4,NIRAIC*-NH2,745.413754,1,Kidney_2,Kidney_2.mzML,25.55,26.41
PEP-ANG4,NIRAIC*-NH2,745.413754,1,Kidney_3,Kidney_3.mzML,25.55,26.41
PEP-ANG4,NIRAIC*-NH2,745.413754,1,Liver_1,Liver_1.mzML,25.55,26.41
PEP-ANG4,NIRAIC*-NH2,745.413754,1,Liver_2,Liver_2.mzML,25.55,26.41
PEP-ANG4,NIRAIC*-NH2,745.413754,1,Liver_3,Liver_3.mzML,25.55,26.41
PEP-ANG4,NIRAIC*-NH2,745.413754,1,Lung_1,Lung_1.mzML,25.55,26.41
PEP-ANG4,NIRAIC*-NH2,745.413754,1,Lung_2,Lung_2.mzML,25.55,26.41
PEP-ANG4,NIRAIC*-NH2,745.413754,1,Lung_3,Lung_3.mzML,25.55,26.41
PEP-ANG4,NIRAIC*-NH2,745.413754,1,Pancreas_1,Pancreas_1.mzML,25.55,26.41
PEP-ANG4,NIRAIC*-NH2,745.413754,1,Pancreas_2,Pancreas_2.mzML,25.55,26.41
PEP-ANG4,NIRAIC*-NH2,745.413754,1,Pancreas_3,Pancreas_3.mzML,25.55,26.41
PEP-ANG4,NIRAIC*-NH2,745.413754,1,Quad_1,Quad_1.mzML,25.55,26.41
PEP-ANG4,NIRAIC*-NH2,745.413754,1,Quad_2,Quad_2.mzML,25.55,26.41
PEP-ANG4,NIRAIC*-NH2,745.413754,1,Quad_3,Quad_3.mzML,25.55,26.41
PEP-ANG4,NIRAIC*-NH2,745.413754,1,Spleen_1,Spleen_1.mzML,25.55,26.41
PEP-ANG4,NIRAIC*-NH2,745.413754,1,Spleen_2,Spleen_2.mzML,25.55,26.41
PEP-ANG4,NIRAIC*-NH2,745.413754,1,Spleen_3,Spleen_3.mzML,25.55,26.41
PEP-ANG4,NIRAIC*-NH2,745.413754,1,iWAT_1,iWAT_1.mzML,25.55,26.41
PEP-ANG4,NIRAIC*-NH2,745.413754,1,iWAT_2,iWAT_2.mzML,25.55,26.41
PEP-ANG4,NIRAIC*-NH2,745.413754,1,iWAT_3,iWAT_3.mzML,25.55,26.41
PEP-ANG4,NIRAIC*-NH2,745.413754,1,plasma_1,plasma_1.mzML,25.55,26.41
PEP-ANG4,NIRAIC*-NH2,745.413754,1,plasma_2,plasma_2.mzML,25.55,26.41
PEP-ANG4,NIRAIC*-NH2,745.413754,1,plasma_3,plasma_3.mzML,25.55,26.41
PEP-AOC1,NVLKFLDE-NH2,488.776742,2,1uMStd6,1uMStd6.mzML,20.12,20.76
PEP-AOC1,NVLKFLDE-NH2,488.776742,2,BAT_1,BAT_1.mzML,20.12,20.76
PEP-AOC1,NVLKFLDE-NH2,488.776742,2,BAT_2,BAT_2.mzML,20.12,20.76
PEP-AOC1,NVLKFLDE-NH2,488.776742,2,BAT_3,BAT_3.mzML,20.12,20.76
PEP-AOC1,NVLKFLDE-NH2,488.776742,2,Brain_1,Brain_1.mzML,20.12,20.76
PEP-AOC1,NVLKFLDE-NH2,488.776742,2,Brain_2,Brain_2.mzML,20.12,20.76
PEP-AOC1,NVLKFLDE-NH2,488.776742,2,Brain_3,Brain_3.mzML,20.12,20.76
PEP-AOC1,NVLKFLDE-NH2,488.776742,2,Heart_1,Heart_1.mzML,20.12,20.76
PEP-AOC1,NVLKFLDE-NH2,488.776742,2,Heart_2,Heart_2.mzML,20.12,20.76
PEP-AOC1,NVLKFLDE-NH2,488.776742,2,Heart_3,Heart_3.mzML,20.12,20.76
PEP-AOC1,NVLKFLDE-NH2,488.776742,2,Ileum_1,Gut_1.mzML,20.12,20.76
PEP-AOC1,NVLKFLDE-NH2,488.776742,2,Ileum_2,Gut_2.mzML,20.12,20.76
PEP-AOC1,NVLKFLDE-NH2,488.776742,2,Ileum_3,Gut_3.mzML,20.12,20.76
PEP-AOC1,NVLKFLDE-NH2,488.776742,2,Kidney_1,Kidney_1.mzML,20.12,20.76
PEP-AOC1,NVLKFLDE-NH2,488.776742,2,Kidney_2,Kidney_2.mzML,20.12,20.76
PEP-AOC1,NVLKFLDE-NH2,488.776742,2,Kidney_3,Kidney_3.mzML,20.12,20.76
PEP-AOC1,NVLKFLDE-NH2,488.776742,2,Liver_1,Liver_1.mzML,20.12,20.76
PEP-AOC1,NVLKFLDE-NH2,488.776742,2,Liver_2,Liver_2.mzML,20.12,20.76
PEP-AOC1,NVLKFLDE-NH2,488.776742,2,Liver_3,Liver_3.mzML,20.12,20.76
PEP-AOC1,NVLKFLDE-NH2,488.776742,2,Lung_1,Lung_1.mzML,20.12,20.76
PEP-AOC1,NVLKFLDE-NH2,488.776742,2,Lung_2,Lung_2.mzML,20.12,20.76
PEP-AOC1,NVLKFLDE-NH2,488.776742,2,Lung_3,Lung_3.mzML,20.12,20.76
PEP-AOC1,NVLKFLDE-NH2,488.776742,2,Pancreas_1,Pancreas_1.mzML,20.12,20.76
PEP-AOC1,NVLKFLDE-NH2,488.776742,2,Pancreas_2,Pancreas_2.mzML,20.12,20.76
PEP-AOC1,NVLKFLDE-NH2,488.776742,2,Pancreas_3,Pancreas_3.mzML,20.12,20.76
PEP-AOC1,NVLKFLDE-NH2,488.776742,2,Quad_1,Quad_1.mzML,20.12,20.76
PEP-AOC1,NVLKFLDE-NH2,488.776742,2,Quad_2,Quad_2.mzML,20.12,20.76
PEP-AOC1,NVLKFLDE-NH2,488.776742,2,Quad_3,Quad_3.mzML,20.12,20.76
PEP-AOC1,NVLKFLDE-NH2,488.776742,2,Spleen_1,Spleen_1.mzML,20.12,20.76
PEP-AOC1,NVLKFLDE-NH2,488.776742,2,Spleen_2,Spleen_2.mzML,20.12,20.76
PEP-AOC1,NVLKFLDE-NH2,488.776742,2,Spleen_3,Spleen_3.mzML,20.12,20.76
PEP-AOC1,NVLKFLDE-NH2,488.776742,2,iWAT_1,iWAT_1.mzML,20.12,20.76
PEP-AOC1,NVLKFLDE-NH2,488.776742,2,iWAT_2,iWAT_2.mzML,20.12,20.76
PEP-AOC1,NVLKFLDE-NH2,488.776742,2,iWAT_3,iWAT_3.mzML,20.12,20.76
PEP-AOC1,NVLKFLDE-NH2,488.776742,2,plasma_1,plasma_1.mzML,20.12,20.76
PEP-AOC1,NVLKFLDE-NH2,488.776742,2,plasma_2,plasma_2.mzML,20.12,20.76
PEP-AOC1,NVLKFLDE-NH2,488.776742,2,plasma_3,plasma_3.mzML,20.12,20.76
PEP-ASAH1,SGEGC*VITR-NH2,489.245283,2,1uMStd6,1uMStd6.mzML,6.78,8.77
PEP-ASAH1,SGEGC*VITR-NH2,489.245283,2,BAT_1,BAT_1.mzML,6.78,8.77
PEP-ASAH1,SGEGC*VITR-NH2,489.245283,2,BAT_2,BAT_2.mzML,6.78,8.77
PEP-ASAH1,SGEGC*VITR-NH2,489.245283,2,BAT_3,BAT_3.mzML,6.78,8.77
PEP-ASAH1,SGEGC*VITR-NH2,489.245283,2,Brain_1,Brain_1.mzML,6.78,8.77
PEP-ASAH1,SGEGC*VITR-NH2,489.245283,2,Brain_2,Brain_2.mzML,6.78,8.77
PEP-ASAH1,SGEGC*VITR-NH2,489.245283,2,Brain_3,Brain_3.mzML,6.78,8.77
PEP-ASAH1,SGEGC*VITR-NH2,489.245283,2,Heart_1,Heart_1.mzML,6.78,8.77
PEP-ASAH1,SGEGC*VITR-NH2,489.245283,2,Heart_2,Heart_2.mzML,6.78,8.77
PEP-ASAH1,SGEGC*VITR-NH2,489.245283,2,Heart_3,Heart_3.mzML,6.78,8.77
PEP-ASAH1,SGEGC*VITR-NH2,489.245283,2,Ileum_1,Gut_1.mzML,6.78,8.77
PEP-ASAH1,SGEGC*VITR-NH2,489.245283,2,Ileum_2,Gut_2.mzML,6.78,8.77
PEP-ASAH1,SGEGC*VITR-NH2,489.245283,2,Ileum_3,Gut_3.mzML,6.78,8.77
PEP-ASAH1,SGEGC*VITR-NH2,489.245283,2,Kidney_1,Kidney_1.mzML,6.78,8.77
PEP-ASAH1,SGEGC*VITR-NH2,489.245283,2,Kidney_2,Kidney_2.mzML,6.78,8.77
PEP-ASAH1,SGEGC*VITR-NH2,489.245283,2,Kidney_3,Kidney_3.mzML,6.78,8.77
PEP-ASAH1,SGEGC*VITR-NH2,489.245283,2,Liver_1,Liver_1.mzML,6.78,8.77
PEP-ASAH1,SGEGC*VITR-NH2,489.245283,2,Liver_2,Liver_2.mzML,6.78,8.77
PEP-ASAH1,SGEGC*VITR-NH2,489.245283,2,Liver_3,Liver_3.mzML,6.78,8.77
PEP-ASAH1,SGEGC*VITR-NH2,489.245283,2,Lung_1,Lung_1.mzML,6.78,8.77
PEP-ASAH1,SGEGC*VITR-NH2,489.245283,2,Lung_2,Lung_2.mzML,6.78,8.77
PEP-ASAH1,SGEGC*VITR-NH2,489.245283,2,Lung_3,Lung_3.mzML,6.78,8.77
PEP-ASAH1,SGEGC*VITR-NH2,489.245283,2,Pancreas_1,Pancreas_1.mzML,6.78,8.77
PEP-ASAH1,SGEGC*VITR-NH2,489.245283,2,Pancreas_2,Pancreas_2.mzML,6.78,8.77
PEP-ASAH1,SGEGC*VITR-NH2,489.245283,2,Pancreas_3,Pancreas_3.mzML,6.78,8.77
PEP-ASAH1,SGEGC*VITR-NH2,489.245283,2,Quad_1,Quad_1.mzML,6.78,8.77
PEP-ASAH1,SGEGC*VITR-NH2,489.245283,2,Quad_2,Quad_2.mzML,6.78,8.77
PEP-ASAH1,SGEGC*VITR-NH2,489.245283,2,Quad_3,Quad_3.mzML,6.78,8.77
PEP-ASAH1,SGEGC*VITR-NH2,489.245283,2,Spleen_1,Spleen_1.mzML,6.78,8.77
PEP-ASAH1,SGEGC*VITR-NH2,489.245283,2,Spleen_2,Spleen_2.mzML,6.78,8.77
PEP-ASAH1,SGEGC*VITR-NH2,489.245283,2,Spleen_3,Spleen_3.mzML,6.78,8.77
PEP-ASAH1,SGEGC*VITR-NH2,489.245283,2,iWAT_1,iWAT_1.mzML,6.78,8.77
PEP-ASAH1,SGEGC*VITR-NH2,489.245283,2,iWAT_2,iWAT_2.mzML,6.78,8.77
PEP-ASAH1,SGEGC*VITR-NH2,489.245283,2,iWAT_3,iWAT_3.mzML,6.78,8.77
PEP-ASAH1,SGEGC*VITR-NH2,489.245283,2,plasma_1,plasma_1.mzML,6.78,8.77
PEP-ASAH1,SGEGC*VITR-NH2,489.245283,2,plasma_2,plasma_2.mzML,6.78,8.77
PEP-ASAH1,SGEGC*VITR-NH2,489.245283,2,plasma_3,plasma_3.mzML,6.78,8.77
PEP-BMP2,LIPEL-NH2,583.381374,1,1uMStd6,1uMStd6.mzML,18.75,19.29
PEP-BMP2,LIPEL-NH2,583.381374,1,BAT_1,BAT_1.mzML,18.75,19.29
PEP-BMP2,LIPEL-NH2,583.381374,1,BAT_2,BAT_2.mzML,18.75,19.29
PEP-BMP2,LIPEL-NH2,583.381374,1,BAT_3,BAT_3.mzML,18.75,19.29
PEP-BMP2,LIPEL-NH2,583.381374,1,Brain_1,Brain_1.mzML,18.75,19.29
PEP-BMP2,LIPEL-NH2,583.381374,1,Brain_2,Brain_2.mzML,18.75,19.29
PEP-BMP2,LIPEL-NH2,583.381374,1,Brain_3,Brain_3.mzML,18.75,19.29
PEP-BMP2,LIPEL-NH2,583.381374,1,Heart_1,Heart_1.mzML,18.75,19.29
PEP-BMP2,LIPEL-NH2,583.381374,1,Heart_2,Heart_2.mzML,18.75,19.29
PEP-BMP2,LIPEL-NH2,583.381374,1,Heart_3,Heart_3.mzML,18.75,19.29
PEP-BMP2,LIPEL-NH2,583.381374,1,Ileum_1,Gut_1.mzML,18.75,19.29
PEP-BMP2,LIPEL-NH2,583.381374,1,Ileum_2,Gut_2.mzML,18.75,19.29
PEP-BMP2,LIPEL-NH2,583.381374,1,Ileum_3,Gut_3.mzML,18.75,19.29
PEP-BMP2,LIPEL-NH2,583.381374,1,Kidney_1,Kidney_1.mzML,18.75,19.29
PEP-BMP2,LIPEL-NH2,583.381374,1,Kidney_2,Kidney_2.mzML,18.75,19.29
PEP-BMP2,LIPEL-NH2,583.381374,1,Kidney_3,Kidney_3.mzML,18.75,19.29
PEP-BMP2,LIPEL-NH2,583.381374,1,Liver_1,Liver_1.mzML,18.75,19.29
PEP-BMP2,LIPEL-NH2,583.381374,1,Liver_2,Liver_2.mzML,18.75,19.29
PEP-BMP2,LIPEL-NH2,583.381374,1,Liver_3,Liver_3.mzML,18.75,19.29
PEP-BMP2,LIPEL-NH2,583.381374,1,Lung_1,Lung_1.mzML,18.75,19.29
PEP-BMP2,LIPEL-NH2,583.381374,1,Lung_2,Lung_2.mzML,18.75,19.29
PEP-BMP2,LIPEL-NH2,583.381374,1,Lung_3,Lung_3.mzML,18.75,19.29
PEP-BMP2,LIPEL-NH2,583.381374,1,Pancreas_1,Pancreas_1.mzML,18.75,19.29
PEP-BMP2,LIPEL-NH2,583.381374,1,Pancreas_2,Pancreas_2.mzML,18.75,19.29
PEP-BMP2,LIPEL-NH2,583.381374,1,Pancreas_3,Pancreas_3.mzML,18.75,19.29
PEP-BMP2,LIPEL-NH2,583.381374,1,Quad_1,Quad_1.mzML,18.75,19.29
PEP-BMP2,LIPEL-NH2,583.381374,1,Quad_2,Quad_2.mzML,18.75,19.29
PEP-BMP2,LIPEL-NH2,583.381374,1,Quad_3,Quad_3.mzML,18.75,19.29
PEP-BMP2,LIPEL-NH2,583.381374,1,Spleen_1,Spleen_1.mzML,18.75,19.29
PEP-BMP2,LIPEL-NH2,583.381374,1,Spleen_2,Spleen_2.mzML,18.75,19.29
PEP-BMP2,LIPEL-NH2,583.381374,1,Spleen_3,Spleen_3.mzML,18.75,19.29
PEP-BMP2,LIPEL-NH2,583.381374,1,iWAT_1,iWAT_1.mzML,18.75,19.29
PEP-BMP2,LIPEL-NH2,583.381374,1,iWAT_2,iWAT_2.mzML,18.75,19.29
PEP-BMP2,LIPEL-NH2,583.381374,1,iWAT_3,iWAT_3.mzML,18.75,19.29
PEP-BMP2,LIPEL-NH2,583.381374,1,plasma_1,plasma_1.mzML,18.75,19.29
PEP-BMP2,LIPEL-NH2,583.381374,1,plasma_2,plasma_2.mzML,18.75,19.29
PEP-BMP2,LIPEL-NH2,583.381374,1,plasma_3,plasma_3.mzML,18.75,19.29
PEP-BMP2-2,GAAGLIPEL-NH2,839.498529,1,1uMStd6,1uMStd6.mzML,22.99,23.66
PEP-BMP2-2,GAAGLIPEL-NH2,839.498529,1,BAT_1,BAT_1.mzML,22.99,23.66
PEP-BMP2-2,GAAGLIPEL-NH2,839.498529,1,BAT_2,BAT_2.mzML,22.99,23.66
PEP-BMP2-2,GAAGLIPEL-NH2,839.498529,1,BAT_3,BAT_3.mzML,22.99,23.66
PEP-BMP2-2,GAAGLIPEL-NH2,839.498529,1,Brain_1,Brain_1.mzML,22.99,23.66
PEP-BMP2-2,GAAGLIPEL-NH2,839.498529,1,Brain_2,Brain_2.mzML,22.99,23.66
PEP-BMP2-2,GAAGLIPEL-NH2,839.498529,1,Brain_3,Brain_3.mzML,22.99,23.66
PEP-BMP2-2,GAAGLIPEL-NH2,839.498529,1,Heart_1,Heart_1.mzML,22.99,23.66
PEP-BMP2-2,GAAGLIPEL-NH2,839.498529,1,Heart_2,Heart_2.mzML,22.99,23.66
PEP-BMP2-2,GAAGLIPEL-NH2,839.498529,1,Heart_3,Heart_3.mzML,22.99,23.66
PEP-BMP2-2,GAAGLIPEL-NH2,839.498529,1,Ileum_1,Gut_1.mzML,22.99,23.66
PEP-BMP2-2,GAAGLIPEL-NH2,839.498529,1,Ileum_2,Gut_2.mzML,22.99,23.66
PEP-BMP2-2,GAAGLIPEL-NH2,839.498529,1,Ileum_3,Gut_3.mzML,22.99,23.66
PEP-BMP2-2,GAAGLIPEL-NH2,839.498529,1,Kidney_1,Kidney_1.mzML,22.99,23.66
PEP-BMP2-2,GAAGLIPEL-NH2,839.498529,1,Kidney_2,Kidney_2.mzML,22.99,23.66
PEP-BMP2-2,GAAGLIPEL-NH2,839.498529,1,Kidney_3,Kidney_3.mzML,22.99,23.66
PEP-BMP2-2,GAAGLIPEL-NH2,839.498529,1,Liver_1,Liver_1.mzML,22.99,23.66
PEP-BMP2-2,GAAGLIPEL-NH2,839.498529,1,Liver_2,Liver_2.mzML,22.99,23.66
PEP-BMP2-2,GAAGLIPEL-NH2,839.498529,1,Liver_3,Liver_3.mzML,22.99,23.66
PEP-BMP2-2,GAAGLIPEL-NH2,839.498529,1,Lung_1,Lung_1.mzML,22.99,23.66
PEP-BMP2-2,GAAGLIPEL-NH2,839.498529,1,Lung_2,Lung_2.mzML,22.99,23.66
PEP-BMP2-2,GAAGLIPEL-NH2,839.498529,1,Lung_3,Lung_3.mzML,22.99,23.66
PEP-BMP2-2,GAAGLIPEL-NH2,839.498529,1,Pancreas_1,Pancreas_1.mzML,22.99,23.66
PEP-BMP2-2,GAAGLIPEL-NH2,839.498529,1,Pancreas_2,Pancreas_2.mzML,22.99,23.66
PEP-BMP2-2,GAAGLIPEL-NH2,839.498529,1,Pancreas_3,Pancreas_3.mzML,22.99,23.66
PEP-BMP2-2,GAAGLIPEL-NH2,839.498529,1,Quad_1,Quad_1.mzML,22.99,23.66
PEP-BMP2-2,GAAGLIPEL-NH2,839.498529,1,Quad_2,Quad_2.mzML,22.99,23.66
PEP-BMP2-2,GAAGLIPEL-NH2,839.498529,1,Quad_3,Quad_3.mzML,22.99,23.66
PEP-BMP2-2,GAAGLIPEL-NH2,839.498529,1,Spleen_1,Spleen_1.mzML,22.99,23.66
PEP-BMP2-2,GAAGLIPEL-NH2,839.498529,1,Spleen_2,Spleen_2.mzML,22.99,23.66
PEP-BMP2-2,GAAGLIPEL-NH2,839.498529,1,Spleen_3,Spleen_3.mzML,22.99,23.66
PEP-BMP2-2,GAAGLIPEL-NH2,839.498529,1,iWAT_1,iWAT_1.mzML,22.99,23.66
PEP-BMP2-2,GAAGLIPEL-NH2,839.498529,1,iWAT_2,iWAT_2.mzML,22.99,23.66
PEP-BMP2-2,GAAGLIPEL-NH2,839.498529,1,iWAT_3,iWAT_3.mzML,22.99,23.66
PEP-BMP2-2,GAAGLIPEL-NH2,839.498529,1,plasma_1,plasma_1.mzML,22.99,23.66
PEP-BMP2-2,GAAGLIPEL-NH2,839.498529,1,plasma_2,plasma_2.mzML,22.99,23.66
PEP-BMP2-2,GAAGLIPEL-NH2,839.498529,1,plasma_3,plasma_3.mzML,22.99,23.66
PEP-BMP4,GASHASLIPET-NH2,541.285462,2,1uMStd6,1uMStd6.mzML,12.51,13.96
PEP-BMP4,GASHASLIPET-NH2,541.285462,2,BAT_1,BAT_1.mzML,12.51,13.96
PEP-BMP4,GASHASLIPET-NH2,541.285462,2,BAT_2,BAT_2.mzML,12.51,13.96
PEP-BMP4,GASHASLIPET-NH2,541.285462,2,BAT_3,BAT_3.mzML,12.51,13.96
PEP-BMP4,GASHASLIPET-NH2,541.285462,2,Brain_1,Brain_1.mzML,12.51,13.96
PEP-BMP4,GASHASLIPET-NH2,541.285462,2,Brain_2,Brain_2.mzML,12.51,13.96
PEP-BMP4,GASHASLIPET-NH2,541.285462,2,Brain_3,Brain_3.mzML,12.51,13.96
PEP-BMP4,GASHASLIPET-NH2,541.285462,2,Heart_1,Heart_1.mzML,12.51,13.96
PEP-BMP4,GASHASLIPET-NH2,541.285462,2,Heart_2,Heart_2.mzML,12.51,13.96
PEP-BMP4,GASHASLIPET-NH2,541.285462,2,Heart_3,Heart_3.mzML,12.51,13.96
PEP-BMP4,GASHASLIPET-NH2,541.285462,2,Ileum_1,Gut_1.mzML,12.51,13.96
PEP-BMP4,GASHASLIPET-NH2,541.285462,2,Ileum_2,Gut_2.mzML,12.51,13.96
PEP-BMP4,GASHASLIPET-NH2,541.285462,2,Ileum_3,Gut_3.mzML,12.51,13.96
PEP-BMP4,GASHASLIPET-NH2,541.285462,2,Kidney_1,Kidney_1.mzML,12.51,13.96
PEP-BMP4,GASHASLIPET-NH2,541.285462,2,Kidney_2,Kidney_2.mzML,12.51,13.96
PEP-BMP4,GASHASLIPET-NH2,541.285462,2,Kidney_3,Kidney_3.mzML,12.51,13.96
PEP-BMP4,GASHASLIPET-NH2,541.285462,2,Liver_1,Liver_1.mzML,12.51,13.96
PEP-BMP4,GASHASLIPET-NH2,541.285462,2,Liver_2,Liver_2.mzML,12.51,13.96
PEP-BMP4,GASHASLIPET-NH2,541.285462,2,Liver_3,Liver_3.mzML,12.51,13.96
PEP-BMP4,GASHASLIPET-NH2,541.285462,2,Lung_1,Lung_1.mzML,12.51,13.96
PEP-BMP4,GASHASLIPET-NH2,541.285462,2,Lung_2,Lung_2.mzML,12.51,13.96
PEP-BMP4,GASHASLIPET-NH2,541.285462,2,Lung_3,Lung_3.mzML,12.51,13.96
PEP-BMP4,GASHASLIPET-NH2,541.285462,2,Pancreas_1,Pancreas_1.mzML,12.51,13.96
PEP-BMP4,GASHASLIPET-NH2,541.285462,2,Pancreas_2,Pancreas_2.mzML,12.51,13.96
PEP-BMP4,GASHASLIPET-NH2,541.285462,2,Pancreas_3,Pancreas_3.mzML,12.51,13.96
PEP-BMP4,GASHASLIPET-NH2,541.285462,2,Quad_1,Quad_1.mzML,12.51,13.96
PEP-BMP4,GASHASLIPET-NH2,541.285462,2,Quad_2,Quad_2.mzML,12.51,13.96
PEP-BMP4,GASHASLIPET-NH2,541.285462,2,Quad_3,Quad_3.mzML,12.51,13.96
PEP-BMP4,GASHASLIPET-NH2,541.285462,2,Spleen_1,Spleen_1.mzML,12.51,13.96
PEP-BMP4,GASHASLIPET-NH2,541.285462,2,Spleen_2,Spleen_2.mzML,12.51,13.96
PEP-BMP4,GASHASLIPET-NH2,541.285462,2,Spleen_3,Spleen_3.mzML,12.51,13.96
PEP-BMP4,GASHASLIPET-NH2,541.285462,2,iWAT_1,iWAT_1.mzML,12.51,13.96
PEP-BMP4,GASHASLIPET-NH2,541.285462,2,iWAT_2,iWAT_2.mzML,12.51,13.96
PEP-BMP4,GASHASLIPET-NH2,541.285462,2,iWAT_3,iWAT_3.mzML,12.51,13.96
PEP-BMP4,GASHASLIPET-NH2,541.285462,2,plasma_1,plasma_1.mzML,12.51,13.96
PEP-BMP4,GASHASLIPET-NH2,541.285462,2,plasma_2,plasma_2.mzML,12.51,13.96
PEP-BMP4,GASHASLIPET-NH2,541.285462,2,plasma_3,plasma_3.mzML,12.51,13.96
PEP-BMP4-2,VAEIQGHAG-NH2,440.735408,2,1uMStd6,1uMStd6.mzML,1.42,6.84
PEP-BMP4-2,VAEIQGHAG-NH2,440.735408,2,BAT_1,BAT_1.mzML,1.42,6.84
PEP-BMP4-2,VAEIQGHAG-NH2,440.735408,2,BAT_2,BAT_2.mzML,1.42,6.84
PEP-BMP4-2,VAEIQGHAG-NH2,440.735408,2,BAT_3,BAT_3.mzML,1.42,6.84
PEP-BMP4-2,VAEIQGHAG-NH2,440.735408,2,Brain_1,Brain_1.mzML,1.41,6.84
PEP-BMP4-2,VAEIQGHAG-NH2,440.735408,2,Brain_2,Brain_2.mzML,1.41,6.84
PEP-BMP4-2,VAEIQGHAG-NH2,440.735408,2,Brain_3,Brain_3.mzML,1.41,6.84
PEP-BMP4-2,VAEIQGHAG-NH2,440.735408,2,Heart_1,Heart_1.mzML,1.42,6.84
PEP-BMP4-2,VAEIQGHAG-NH2,440.735408,2,Heart_2,Heart_2.mzML,1.42,6.84
PEP-BMP4-2,VAEIQGHAG-NH2,440.735408,2,Heart_3,Heart_3.mzML,1.42,6.84
PEP-BMP4-2,VAEIQGHAG-NH2,440.735408,2,Ileum_1,Gut_1.mzML,1.41,6.84
PEP-BMP4-2,VAEIQGHAG-NH2,440.735408,2,Ileum_2,Gut_2.mzML,1.41,6.84
PEP-BMP4-2,VAEIQGHAG-NH2,440.735408,2,Ileum_3,Gut_3.mzML,1.41,6.84
PEP-BMP4-2,VAEIQGHAG-NH2,440.735408,2,Kidney_1,Kidney_1.mzML,1.42,6.84
PEP-BMP4-2,VAEIQGHAG-NH2,440.735408,2,Kidney_2,Kidney_2.mzML,1.42,6.84
PEP-BMP4-2,VAEIQGHAG-NH2,440.735408,2,Kidney_3,Kidney_3.mzML,1.41,6.84
PEP-BMP4-2,VAEIQGHAG-NH2,440.735408,2,Liver_1,Liver_1.mzML,1.42,6.84
PEP-BMP4-2,VAEIQGHAG-NH2,440.735408,2,Liver_2,Liver_2.mzML,1.42,6.84
PEP-BMP4-2,VAEIQGHAG-NH2,440.735408,2,Liver_3,Liver_3.mzML,1.41,6.84
PEP-BMP4-2,VAEIQGHAG-NH2,440.735408,2,Lung_1,Lung_1.mzML,1.42,6.84
PEP-BMP4-2,VAEIQGHAG-NH2,440.735408,2,Lung_2,Lung_2.mzML,1.42,6.84
PEP-BMP4-2,VAEIQGHAG-NH2,440.735408,2,Lung_3,Lung_3.mzML,1.42,6.84
PEP-BMP4-2,VAEIQGHAG-NH2,440.735408,2,Pancreas_1,Pancreas_1.mzML,1.42,6.84
PEP-BMP4-2,VAEIQGHAG-NH2,440.735408,2,Pancreas_2,Pancreas_2.mzML,1.42,6.84
PEP-BMP4-2,VAEIQGHAG-NH2,440.735408,2,Pancreas_3,Pancreas_3.mzML,1.42,6.84
PEP-BMP4-2,VAEIQGHAG-NH2,440.735408,2,Quad_1,Quad_1.mzML,1.41,6.84
PEP-BMP4-2,VAEIQGHAG-NH2,440.735408,2,Quad_2,Quad_2.mzML,1.42,6.84
PEP-BMP4-2,VAEIQGHAG-NH2,440.735408,2,Quad_3,Quad_3.mzML,1.42,6.84
PEP-BMP4-2,VAEIQGHAG-NH2,440.735408,2,Spleen_1,Spleen_1.mzML,1.42,6.84
PEP-BMP4-2,VAEIQGHAG-NH2,440.735408,2,Spleen_2,Spleen_2.mzML,1.42,6.84
PEP-BMP4-2,VAEIQGHAG-NH2,440.735408,2,Spleen_3,Spleen_3.mzML,1.42,6.84
PEP-BMP4-2,VAEIQGHAG-NH2,440.735408,2,iWAT_1,iWAT_1.mzML,1.42,6.84
PEP-BMP4-2,VAEIQGHAG-NH2,440.735408,2,iWAT_2,iWAT_2.mzML,1.42,6.84
PEP-BMP4-2,VAEIQGHAG-NH2,440.735408,2,iWAT_3,iWAT_3.mzML,1.42,6.84
PEP-BMP4-2,VAEIQGHAG-NH2,440.735408,2,plasma_1,plasma_1.mzML,1.42,6.84
PEP-BMP4-2,VAEIQGHAG-NH2,440.735408,2,plasma_2,plasma_2.mzML,1.42,6.84
PEP-BMP4-2,VAEIQGHAG-NH2,440.735408,2,plasma_3,plasma_3.mzML,1.42,6.84
PEP-COL4A4,GLPGPGC*KGEPGPD-NH2,668.819343,2,1uMStd6,1uMStd6.mzML,11.29,12.21
PEP-COL4A4,GLPGPGC*KGEPGPD-NH2,668.819343,2,BAT_1,BAT_1.mzML,11.29,12.21
PEP-COL4A4,GLPGPGC*KGEPGPD-NH2,668.819343,2,BAT_2,BAT_2.mzML,11.29,12.21
PEP-COL4A4,GLPGPGC*KGEPGPD-NH2,668.819343,2,BAT_3,BAT_3.mzML,11.29,12.21
PEP-COL4A4,GLPGPGC*KGEPGPD-NH2,668.819343,2,Brain_1,Brain_1.mzML,11.29,12.21
PEP-COL4A4,GLPGPGC*KGEPGPD-NH2,668.819343,2,Brain_2,Brain_2.mzML,11.29,12.21
PEP-COL4A4,GLPGPGC*KGEPGPD-NH2,668.819343,2,Brain_3,Brain_3.mzML,11.29,12.21
PEP-COL4A4,GLPGPGC*KGEPGPD-NH2,668.819343,2,Heart_1,Heart_1.mzML,11.29,12.21
PEP-COL4A4,GLPGPGC*KGEPGPD-NH2,668.819343,2,Heart_2,Heart_2.mzML,11.29,12.21
PEP-COL4A4,GLPGPGC*KGEPGPD-NH2,668.819343,2,Heart_3,Heart_3.mzML,11.29,12.21
PEP-COL4A4,GLPGPGC*KGEPGPD-NH2,668.819343,2,Ileum_1,Gut_1.mzML,11.29,12.21
PEP-COL4A4,GLPGPGC*KGEPGPD-NH2,668.819343,2,Ileum_2,Gut_2.mzML,11.29,12.21
PEP-COL4A4,GLPGPGC*KGEPGPD-NH2,668.819343,2,Ileum_3,Gut_3.mzML,11.29,12.21
PEP-COL4A4,GLPGPGC*KGEPGPD-NH2,668.819343,2,Kidney_1,Kidney_1.mzML,11.29,12.21
PEP-COL4A4,GLPGPGC*KGEPGPD-NH2,668.819343,2,Kidney_2,Kidney_2.mzML,11.29,12.21
PEP-COL4A4,GLPGPGC*KGEPGPD-NH2,668.819343,2,Kidney_3,Kidney_3.mzML,11.29,12.21
PEP-COL4A4,GLPGPGC*KGEPGPD-NH2,668.819343,2,Liver_1,Liver_1.mzML,11.29,12.21
PEP-COL4A4,GLPGPGC*KGEPGPD-NH2,668.819343,2,Liver_2,Liver_2.mzML,11.29,12.21
PEP-COL4A4,GLPGPGC*KGEPGPD-NH2,668.819343,2,Liver_3,Liver_3.mzML,11.29,12.21
PEP-COL4A4,GLPGPGC*KGEPGPD-NH2,668.819343,2,Lung_1,Lung_1.mzML,11.29,12.21
PEP-COL4A4,GLPGPGC*KGEPGPD-NH2,668.819343,2,Lung_2,Lung_2.mzML,11.29,12.21
PEP-COL4A4,GLPGPGC*KGEPGPD-NH2,668.819343,2,Lung_3,Lung_3.mzML,11.29,12.21
PEP-COL4A4,GLPGPGC*KGEPGPD-NH2,668.819343,2,Pancreas_1,Pancreas_1.mzML,11.29,12.21
PEP-COL4A4,GLPGPGC*KGEPGPD-NH2,668.819343,2,Pancreas_2,Pancreas_2.mzML,11.29,12.21
PEP-COL4A4,GLPGPGC*KGEPGPD-NH2,668.819343,2,Pancreas_3,Pancreas_3.mzML,11.29,12.21
PEP-COL4A4,GLPGPGC*KGEPGPD-NH2,668.819343,2,Quad_1,Quad_1.mzML,11.29,12.21
PEP-COL4A4,GLPGPGC*KGEPGPD-NH2,668.819343,2,Quad_2,Quad_2.mzML,11.29,12.21
PEP-COL4A4,GLPGPGC*KGEPGPD-NH2,668.819343,2,Quad_3,Quad_3.mzML,11.29,12.21
PEP-COL4A4,GLPGPGC*KGEPGPD-NH2,668.819343,2,Spleen_1,Spleen_1.mzML,11.29,12.21
PEP-COL4A4,GLPGPGC*KGEPGPD-NH2,668.819343,2,Spleen_2,Spleen_2.mzML,11.29,12.21
PEP-COL4A4,GLPGPGC*KGEPGPD-NH2,668.819343,2,Spleen_3,Spleen_3.mzML,11.29,12.21
PEP-COL4A4,GLPGPGC*KGEPGPD-NH2,668.819343,2,iWAT_1,iWAT_1.mzML,11.29,12.21
PEP-COL4A4,GLPGPGC*KGEPGPD-NH2,668.819343,2,iWAT_2,iWAT_2.mzML,11.29,12.21
PEP-COL4A4,GLPGPGC*KGEPGPD-NH2,668.819343,2,iWAT_3,iWAT_3.mzML,11.29,12.21
PEP-COL4A4,GLPGPGC*KGEPGPD-NH2,668.819343,2,plasma_1,plasma_1.mzML,11.29,12.21
PEP-COL4A4,GLPGPGC*KGEPGPD-NH2,668.819343,2,plasma_2,plasma_2.mzML,11.29,12.21
PEP-COL4A4,GLPGPGC*KGEPGPD-NH2,668.819343,2,plasma_3,plasma_3.mzML,11.29,12.21
PEP-COL4A4-2,GQDGIPGSPGPP-NH2,539.269812,2,1uMStd6,1uMStd6.mzML,13.14,14.19
PEP-COL4A4-2,GQDGIPGSPGPP-NH2,539.269812,2,BAT_1,BAT_1.mzML,13.14,14.19
PEP-COL4A4-2,GQDGIPGSPGPP-NH2,539.269812,2,BAT_2,BAT_2.mzML,13.14,14.19
PEP-COL4A4-2,GQDGIPGSPGPP-NH2,539.269812,2,BAT_3,BAT_3.mzML,13.14,14.19
PEP-COL4A4-2,GQDGIPGSPGPP-NH2,539.269812,2,Brain_1,Brain_1.mzML,13.14,14.19
PEP-COL4A4-2,GQDGIPGSPGPP-NH2,539.269812,2,Brain_2,Brain_2.mzML,13.14,14.19
PEP-COL4A4-2,GQDGIPGSPGPP-NH2,539.269812,2,Brain_3,Brain_3.mzML,13.14,14.19
PEP-COL4A4-2,GQDGIPGSPGPP-NH2,539.269812,2,Heart_1,Heart_1.mzML,13.14,14.19
PEP-COL4A4-2,GQDGIPGSPGPP-NH2,539.269812,2,Heart_2,Heart_2.mzML,13.14,14.19
PEP-COL4A4-2,GQDGIPGSPGPP-NH2,539.269812,2,Heart_3,Heart_3.mzML,13.14,14.19
PEP-COL4A4-2,GQDGIPGSPGPP-NH2,539.269812,2,Ileum_1,Gut_1.mzML,13.14,14.19
PEP-COL4A4-2,GQDGIPGSPGPP-NH2,539.269812,2,Ileum_2,Gut_2.mzML,13.14,14.19
PEP-COL4A4-2,GQDGIPGSPGPP-NH2,539.269812,2,Ileum_3,Gut_3.mzML,13.14,14.19
PEP-COL4A4-2,GQDGIPGSPGPP-NH2,539.269812,2,Kidney_1,Kidney_1.mzML,13.14,14.19
PEP-COL4A4-2,GQDGIPGSPGPP-NH2,539.269812,2,Kidney_2,Kidney_2.mzML,13.14,14.19
PEP-COL4A4-2,GQDGIPGSPGPP-NH2,539.269812,2,Kidney_3,Kidney_3.mzML,13.14,14.19
PEP-COL4A4-2,GQDGIPGSPGPP-NH2,539.269812,2,Liver_1,Liver_1.mzML,13.14,14.19
PEP-COL4A4-2,GQDGIPGSPGPP-NH2,539.269812,2,Liver_2,Liver_2.mzML,13.14,14.19
PEP-COL4A4-2,GQDGIPGSPGPP-NH2,539.269812,2,Liver_3,Liver_3.mzML,13.14,14.19
PEP-COL4A4-2,GQDGIPGSPGPP-NH2,539.269812,2,Lung_1,Lung_1.mzML,13.14,14.19
PEP-COL4A4-2,GQDGIPGSPGPP-NH2,539.269812,2,Lung_2,Lung_2.mzML,13.14,14.19
PEP-COL4A4-2,GQDGIPGSPGPP-NH2,539.269812,2,Lung_3,Lung_3.mzML,13.14,14.19
PEP-COL4A4-2,GQDGIPGSPGPP-NH2,539.269812,2,Pancreas_1,Pancreas_1.mzML,13.14,14.19
PEP-COL4A4-2,GQDGIPGSPGPP-NH2,539.269812,2,Pancreas_2,Pancreas_2.mzML,13.14,14.19
PEP-COL4A4-2,GQDGIPGSPGPP-NH2,539.269812,2,Pancreas_3,Pancreas_3.mzML,13.14,14.19
PEP-COL4A4-2,GQDGIPGSPGPP-NH2,539.269812,2,Quad_1,Quad_1.mzML,13.14,14.19
PEP-COL4A4-2,GQDGIPGSPGPP-NH2,539.269812,2,Quad_2,Quad_2.mzML,13.14,14.19
PEP-COL4A4-2,GQDGIPGSPGPP-NH2,539.269812,2,Quad_3,Quad_3.mzML,13.14,14.19
PEP-COL4A4-2,GQDGIPGSPGPP-NH2,539.269812,2,Spleen_1,Spleen_1.mzML,13.14,14.19
PEP-COL4A4-2,GQDGIPGSPGPP-NH2,539.269812,2,Spleen_2,Spleen_2.mzML,13.14,14.19
PEP-COL4A4-2,GQDGIPGSPGPP-NH2,539.269812,2,Spleen_3,Spleen_3.mzML,13.14,14.19
PEP-COL4A4-2,GQDGIPGSPGPP-NH2,539.269812,2,iWAT_1,iWAT_1.mzML,13.14,14.19
PEP-COL4A4-2,GQDGIPGSPGPP-NH2,539.269812,2,iWAT_2,iWAT_2.mzML,13.14,14.19
PEP-COL4A4-2,GQDGIPGSPGPP-NH2,539.269812,2,iWAT_3,iWAT_3.mzML,13.14,14.19
PEP-COL4A4-2,GQDGIPGSPGPP-NH2,539.269812,2,plasma_1,plasma_1.mzML,13.14,14.19
PEP-COL4A4-2,GQDGIPGSPGPP-NH2,539.269812,2,plasma_2,plasma_2.mzML,13.14,14.19
PEP-COL4A4-2,GQDGIPGSPGPP-NH2,539.269812,2,plasma_3,plasma_3.mzML,13.14,14.19
PEP-COL6A6,GEKGDEGSQGNP-NH2,587.260173,2,1uMStd6,1uMStd6.mzML,16.39,17.05
PEP-COL6A6,GEKGDEGSQGNP-NH2,587.260173,2,BAT_1,BAT_1.mzML,16.39,17.05
PEP-COL6A6,GEKGDEGSQGNP-NH2,587.260173,2,BAT_2,BAT_2.mzML,16.39,17.05
PEP-COL6A6,GEKGDEGSQGNP-NH2,587.260173,2,BAT_3,BAT_3.mzML,16.39,17.05
PEP-COL6A6,GEKGDEGSQGNP-NH2,587.260173,2,Brain_1,Brain_1.mzML,16.39,17.05
PEP-COL6A6,GEKGDEGSQGNP-NH2,587.260173,2,Brain_2,Brain_2.mzML,16.39,17.05
PEP-COL6A6,GEKGDEGSQGNP-NH2,587.260173,2,Brain_3,Brain_3.mzML,16.39,17.05
PEP-COL6A6,GEKGDEGSQGNP-NH2,587.260173,2,Heart_1,Heart_1.mzML,16.39,17.05
PEP-COL6A6,GEKGDEGSQGNP-NH2,587.260173,2,Heart_2,Heart_2.mzML,16.39,17.05
PEP-COL6A6,GEKGDEGSQGNP-NH2,587.260173,2,Heart_3,Heart_3.mzML,16.39,17.05
PEP-COL6A6,GEKGDEGSQGNP-NH2,587.260173,2,Ileum_1,Gut_1.mzML,16.39,17.05
PEP-COL6A6,GEKGDEGSQGNP-NH2,587.260173,2,Ileum_2,Gut_2.mzML,16.39,17.05
PEP-COL6A6,GEKGDEGSQGNP-NH2,587.260173,2,Ileum_3,Gut_3.mzML,16.39,17.05
PEP-COL6A6,GEKGDEGSQGNP-NH2,587.260173,2,Kidney_1,Kidney_1.mzML,16.39,17.05
PEP-COL6A6,GEKGDEGSQGNP-NH2,587.260173,2,Kidney_2,Kidney_2.mzML,16.39,17.05
PEP-COL6A6,GEKGDEGSQGNP-NH2,587.260173,2,Kidney_3,Kidney_3.mzML,16.39,17.05
PEP-COL6A6,GEKGDEGSQGNP-NH2,587.260173,2,Liver_1,Liver_1.mzML,16.39,17.05
PEP-COL6A6,GEKGDEGSQGNP-NH2,587.260173,2,Liver_2,Liver_2.mzML,16.39,17.05
PEP-COL6A6,GEKGDEGSQGNP-NH2,587.260173,2,Liver_3,Liver_3.mzML,16.39,17.05
PEP-COL6A6,GEKGDEGSQGNP-NH2,587.260173,2,Lung_1,Lung_1.mzML,16.39,17.05
PEP-COL6A6,GEKGDEGSQGNP-NH2,587.260173,2,Lung_2,Lung_2.mzML,16.39,17.05
PEP-COL6A6,GEKGDEGSQGNP-NH2,587.260173,2,Lung_3,Lung_3.mzML,16.39,17.05
PEP-COL6A6,GEKGDEGSQGNP-NH2,587.260173,2,Pancreas_1,Pancreas_1.mzML,16.39,17.05
PEP-COL6A6,GEKGDEGSQGNP-NH2,587.260173,2,Pancreas_2,Pancreas_2.mzML,16.39,17.05
PEP-COL6A6,GEKGDEGSQGNP-NH2,587.260173,2,Pancreas_3,Pancreas_3.mzML,16.39,17.05
PEP-COL6A6,GEKGDEGSQGNP-NH2,587.260173,2,Quad_1,Quad_1.mzML,16.39,17.05
PEP-COL6A6,GEKGDEGSQGNP-NH2,587.260173,2,Quad_2,Quad_2.mzML,16.39,17.05
PEP-COL6A6,GEKGDEGSQGNP-NH2,587.260173,2,Quad_3,Quad_3.mzML,16.39,17.05
PEP-COL6A6,GEKGDEGSQGNP-NH2,587.260173,2,Spleen_1,Spleen_1.mzML,16.39,17.05
PEP-COL6A6,GEKGDEGSQGNP-NH2,587.260173,2,Spleen_2,Spleen_2.mzML,16.39,17.05
PEP-COL6A6,GEKGDEGSQGNP-NH2,587.260173,2,Spleen_3,Spleen_3.mzML,16.39,17.05
PEP-COL6A6,GEKGDEGSQGNP-NH2,587.260173,2,iWAT_1,iWAT_1.mzML,16.39,17.05
PEP-COL6A6,GEKGDEGSQGNP-NH2,587.260173,2,iWAT_2,iWAT_2.mzML,16.39,17.05
PEP-COL6A6,GEKGDEGSQGNP-NH2,587.260173,2,iWAT_3,iWAT_3.mzML,16.39,17.05
PEP-COL6A6,GEKGDEGSQGNP-NH2,587.260173,2,plasma_1,plasma_1.mzML,16.39,17.05
PEP-COL6A6,GEKGDEGSQGNP-NH2,587.260173,2,plasma_2,plasma_2.mzML,16.39,17.05
PEP-COL6A6,GEKGDEGSQGNP-NH2,587.260173,2,plasma_3,plasma_3.mzML,16.39,17.05
PEP-CPA4,PMYVLKFSTGG-NH2,599.818084,2,1uMStd6,1uMStd6.mzML,19.27,19.88
PEP-CPA4,PMYVLKFSTGG-NH2,599.818084,2,BAT_1,BAT_1.mzML,19.27,19.88
PEP-CPA4,PMYVLKFSTGG-NH2,599.818084,2,BAT_2,BAT_2.mzML,19.27,19.88
PEP-CPA4,PMYVLKFSTGG-NH2,599.818084,2,BAT_3,BAT_3.mzML,19.27,19.88
PEP-CPA4,PMYVLKFSTGG-NH2,599.818084,2,Brain_1,Brain_1.mzML,19.27,19.88
PEP-CPA4,PMYVLKFSTGG-NH2,599.818084,2,Brain_2,Brain_2.mzML,19.27,19.88
PEP-CPA4,PMYVLKFSTGG-NH2,599.818084,2,Brain_3,Brain_3.mzML,19.27,19.88
PEP-CPA4,PMYVLKFSTGG-NH2,599.818084,2,Heart_1,Heart_1.mzML,19.27,19.88
PEP-CPA4,PMYVLKFSTGG-NH2,599.818084,2,Heart_2,Heart_2.mzML,19.27,19.88
PEP-CPA4,PMYVLKFSTGG-NH2,599.818084,2,Heart_3,Heart_3.mzML,19.27,19.88
PEP-CPA4,PMYVLKFSTGG-NH2,599.818084,2,Ileum_1,Gut_1.mzML,19.27,19.88
PEP-CPA4,PMYVLKFSTGG-NH2,599.818084,2,Ileum_2,Gut_2.mzML,19.27,19.88
PEP-CPA4,PMYVLKFSTGG-NH2,599.818084,2,Ileum_3,Gut_3.mzML,19.27,19.88
PEP-CPA4,PMYVLKFSTGG-NH2,599.818084,2,Kidney_1,Kidney_1.mzML,19.27,19.88
PEP-CPA4,PMYVLKFSTGG-NH2,599.818084,2,Kidney_2,Kidney_2.mzML,19.27,19.88
PEP-CPA4,PMYVLKFSTGG-NH2,599.818084,2,Kidney_3,Kidney_3.mzML,19.27,19.88
PEP-CPA4,PMYVLKFSTGG-NH2,599.818084,2,Liver_1,Liver_1.mzML,19.27,19.88
PEP-CPA4,PMYVLKFSTGG-NH2,599.818084,2,Liver_2,Liver_2.mzML,19.27,19.88
PEP-CPA4,PMYVLKFSTGG-NH2,599.818084,2,Liver_3,Liver_3.mzML,19.27,19.88
PEP-CPA4,PMYVLKFSTGG-NH2,599.818084,2,Lung_1,Lung_1.mzML,19.27,19.88
PEP-CPA4,PMYVLKFSTGG-NH2,599.818084,2,Lung_2,Lung_2.mzML,19.27,19.88
PEP-CPA4,PMYVLKFSTGG-NH2,599.818084,2,Lung_3,Lung_3.mzML,19.27,19.88
PEP-CPA4,PMYVLKFSTGG-NH2,599.818084,2,Pancreas_1,Pancreas_1.mzML,19.27,19.88
PEP-CPA4,PMYVLKFSTGG-NH2,599.818084,2,Pancreas_2,Pancreas_2.mzML,19.27,19.88
PEP-CPA4,PMYVLKFSTGG-NH2,599.818084,2,Pancreas_3,Pancreas_3.mzML,19.27,19.88
PEP-CPA4,PMYVLKFSTGG-NH2,599.818084,2,Quad_1,Quad_1.mzML,19.27,19.88
PEP-CPA4,PMYVLKFSTGG-NH2,599.818084,2,Quad_2,Quad_2.mzML,19.27,19.88
PEP-CPA4,PMYVLKFSTGG-NH2,599.818084,2,Quad_3,Quad_3.mzML,19.27,19.88
PEP-CPA4,PMYVLKFSTGG-NH2,599.818084,2,Spleen_1,Spleen_1.mzML,19.27,19.88
PEP-CPA4,PMYVLKFSTGG-NH2,599.818084,2,Spleen_2,Spleen_2.mzML,19.27,19.88
PEP-CPA4,PMYVLKFSTGG-NH2,599.818084,2,Spleen_3,Spleen_3.mzML,19.27,19.88
PEP-CPA4,PMYVLKFSTGG-NH2,599.818084,2,iWAT_1,iWAT_1.mzML,19.27,19.88
PEP-CPA4,PMYVLKFSTGG-NH2,599.818084,2,iWAT_2,iWAT_2.mzML,19.27,19.88
PEP-CPA4,PMYVLKFSTGG-NH2,599.818084,2,iWAT_3,iWAT_3.mzML,19.27,19.88
PEP-CPA4,PMYVLKFSTGG-NH2,599.818084,2,plasma_1,plasma_1.mzML,19.27,19.88
PEP-CPA4,PMYVLKFSTGG-NH2,599.818084,2,plasma_2,plasma_2.mzML,19.27,19.88
PEP-CPA4,PMYVLKFSTGG-NH2,599.818084,2,plasma_3,plasma_3.mzML,19.27,19.88
PEP-CXCL12,EEKV-NH2,503.282388,1,1uMStd6,1uMStd6.mzML,17.0,17.73
PEP-CXCL12,EEKV-NH2,503.282388,1,BAT_1,BAT_1.mzML,17.0,17.73
PEP-CXCL12,EEKV-NH2,503.282388,1,BAT_2,BAT_2.mzML,17.0,17.73
PEP-CXCL12,EEKV-NH2,503.282388,1,BAT_3,BAT_3.mzML,17.0,17.73
PEP-CXCL12,EEKV-NH2,503.282388,1,Brain_1,Brain_1.mzML,17.0,17.73
PEP-CXCL12,EEKV-NH2,503.282388,1,Brain_2,Brain_2.mzML,17.0,17.73
PEP-CXCL12,EEKV-NH2,503.282388,1,Brain_3,Brain_3.mzML,17.0,17.73
PEP-CXCL12,EEKV-NH2,503.282388,1,Heart_1,Heart_1.mzML,17.0,17.73
PEP-CXCL12,EEKV-NH2,503.282388,1,Heart_2,Heart_2.mzML,17.0,17.73
PEP-CXCL12,EEKV-NH2,503.282388,1,Heart_3,Heart_3.mzML,17.0,17.73
PEP-CXCL12,EEKV-NH2,503.282388,1,Ileum_1,Gut_1.mzML,17.0,17.73
PEP-CXCL12,EEKV-NH2,503.282388,1,Ileum_2,Gut_2.mzML,17.0,17.73
PEP-CXCL12,EEKV-NH2,503.282388,1,Ileum_3,Gut_3.mzML,17.0,17.73
PEP-CXCL12,EEKV-NH2,503.282388,1,Kidney_1,Kidney_1.mzML,17.0,17.73
PEP-CXCL12,EEKV-NH2,503.282388,1,Kidney_2,Kidney_2.mzML,17.0,17.73
PEP-CXCL12,EEKV-NH2,503.282388,1,Kidney_3,Kidney_3.mzML,17.0,17.73
PEP-CXCL12,EEKV-NH2,503.282388,1,Liver_1,Liver_1.mzML,17.0,17.73
PEP-CXCL12,EEKV-NH2,503.282388,1,Liver_2,Liver_2.mzML,17.0,17.73
PEP-CXCL12,EEKV-NH2,503.282388,1,Liver_3,Liver_3.mzML,17.0,17.73
PEP-CXCL12,EEKV-NH2,503.282388,1,Lung_1,Lung_1.mzML,17.0,17.73
PEP-CXCL12,EEKV-NH2,503.282388,1,Lung_2,Lung_2.mzML,17.0,17.73
PEP-CXCL12,EEKV-NH2,503.282388,1,Lung_3,Lung_3.mzML,17.0,17.73
PEP-CXCL12,EEKV-NH2,503.282388,1,Pancreas_1,Pancreas_1.mzML,17.0,17.73
PEP-CXCL12,EEKV-NH2,503.282388,1,Pancreas_2,Pancreas_2.mzML,17.0,17.73
PEP-CXCL12,EEKV-NH2,503.282388,1,Pancreas_3,Pancreas_3.mzML,17.0,17.73
PEP-CXCL12,EEKV-NH2,503.282388,1,Quad_1,Quad_1.mzML,17.0,17.73
PEP-CXCL12,EEKV-NH2,503.282388,1,Quad_2,Quad_2.mzML,17.0,17.73
PEP-CXCL12,EEKV-NH2,503.282388,1,Quad_3,Quad_3.mzML,17.0,17.73
PEP-CXCL12,EEKV-NH2,503.282388,1,Spleen_1,Spleen_1.mzML,17.0,17.73
PEP-CXCL12,EEKV-NH2,503.282388,1,Spleen_2,Spleen_2.mzML,17.0,17.73
PEP-CXCL12,EEKV-NH2,503.282388,1,Spleen_3,Spleen_3.mzML,17.0,17.73
PEP-CXCL12,EEKV-NH2,503.282388,1,iWAT_1,iWAT_1.mzML,17.0,17.73
PEP-CXCL12,EEKV-NH2,503.282388,1,iWAT_2,iWAT_2.mzML,17.0,17.73
PEP-CXCL12,EEKV-NH2,503.282388,1,iWAT_3,iWAT_3.mzML,17.0,17.73
PEP-CXCL12,EEKV-NH2,503.282388,1,plasma_1,plasma_1.mzML,17.0,17.73
PEP-CXCL12,EEKV-NH2,503.282388,1,plasma_2,plasma_2.mzML,17.0,17.73
PEP-CXCL12,EEKV-NH2,503.282388,1,plasma_3,plasma_3.mzML,17.0,17.73
PEP-EMID1,WSVPGARFS-NH2,503.266875,2,1uMStd6,1uMStd6.mzML,17.05,17.66
PEP-EMID1,WSVPGARFS-NH2,503.266875,2,BAT_1,BAT_1.mzML,17.05,17.66
PEP-EMID1,WSVPGARFS-NH2,503.266875,2,BAT_2,BAT_2.mzML,17.05,17.66
PEP-EMID1,WSVPGARFS-NH2,503.266875,2,BAT_3,BAT_3.mzML,17.05,17.66
PEP-EMID1,WSVPGARFS-NH2,503.266875,2,Brain_1,Brain_1.mzML,17.05,17.66
PEP-EMID1,WSVPGARFS-NH2,503.266875,2,Brain_2,Brain_2.mzML,17.05,17.66
PEP-EMID1,WSVPGARFS-NH2,503.266875,2,Brain_3,Brain_3.mzML,17.05,17.66
PEP-EMID1,WSVPGARFS-NH2,503.266875,2,Heart_1,Heart_1.mzML,17.05,17.66
PEP-EMID1,WSVPGARFS-NH2,503.266875,2,Heart_2,Heart_2.mzML,17.05,17.66
PEP-EMID1,WSVPGARFS-NH2,503.266875,2,Heart_3,Heart_3.mzML,17.05,17.66
PEP-EMID1,WSVPGARFS-NH2,503.266875,2,Ileum_1,Gut_1.mzML,17.05,17.66
PEP-EMID1,WSVPGARFS-NH2,503.266875,2,Ileum_2,Gut_2.mzML,17.05,17.66
PEP-EMID1,WSVPGARFS-NH2,503.266875,2,Ileum_3,Gut_3.mzML,17.05,17.66
PEP-EMID1,WSVPGARFS-NH2,503.266875,2,Kidney_1,Kidney_1.mzML,17.05,17.66
PEP-EMID1,WSVPGARFS-NH2,503.266875,2,Kidney_2,Kidney_2.mzML,17.05,17.66
PEP-EMID1,WSVPGARFS-NH2,503.266875,2,Kidney_3,Kidney_3.mzML,17.05,17.66
PEP-EMID1,WSVPGARFS-NH2,503.266875,2,Liver_1,Liver_1.mzML,17.05,17.66
PEP-EMID1,WSVPGARFS-NH2,503.266875,2,Liver_2,Liver_2.mzML,17.05,17.66
PEP-EMID1,WSVPGARFS-NH2,503.266875,2,Liver_3,Liver_3.mzML,17.05,17.66
PEP-EMID1,WSVPGARFS-NH2,503.266875,2,Lung_1,Lung_1.mzML,17.05,17.66
PEP-EMID1,WSVPGARFS-NH2,503.266875,2,Lung_2,Lung_2.mzML,17.05,17.66
PEP-EMID1,WSVPGARFS-NH2,503.266875,2,Lung_3,Lung_3.mzML,17.05,17.66
PEP-EMID1,WSVPGARFS-NH2,503.266875,2,Pancreas_1,Pancreas_1.mzML,17.05,17.66
PEP-EMID1,WSVPGARFS-NH2,503.266875,2,Pancreas_2,Pancreas_2.mzML,17.05,17.66
PEP-EMID1,WSVPGARFS-NH2,503.266875,2,Pancreas_3,Pancreas_3.mzML,17.05,17.66
PEP-EMID1,WSVPGARFS-NH2,503.266875,2,Quad_1,Quad_1.mzML,17.05,17.66
PEP-EMID1,WSVPGARFS-NH2,503.266875,2,Quad_2,Quad_2.mzML,17.05,17.66
PEP-EMID1,WSVPGARFS-NH2,503.266875,2,Quad_3,Quad_3.mzML,17.05,17.66
PEP-EMID1,WSVPGARFS-NH2,503.266875,2,Spleen_1,Spleen_1.mzML,17.05,17.66
PEP-EMID1,WSVPGARFS-NH2,503.266875,2,Spleen_2,Spleen_2.mzML,17.05,17.66
PEP-EMID1,WSVPGARFS-NH2,503.266875,2,Spleen_3,Spleen_3.mzML,17.05,17.66
PEP-EMID1,WSVPGARFS-NH2,503.266875,2,iWAT_1,iWAT_1.mzML,17.05,17.66
PEP-EMID1,WSVPGARFS-NH2,503.266875,2,iWAT_2,iWAT_2.mzML,17.05,17.66
PEP-EMID1,WSVPGARFS-NH2,503.266875,2,iWAT_3,iWAT_3.mzML,17.05,17.66
PEP-EMID1,WSVPGARFS-NH2,503.266875,2,plasma_1,plasma_1.mzML,17.05,17.66
PEP-EMID1,WSVPGARFS-NH2,503.266875,2,plasma_2,plasma_2.mzML,17.05,17.66
PEP-EMID1,WSVPGARFS-NH2,503.266875,2,plasma_3,plasma_3.mzML,17.05,17.66
PEP-EMILIN1,PPQEC*C*PPEL-NH2,613.270641,2,1uMStd6,1uMStd6.mzML,13.69,14.65
PEP-EMILIN1,PPQEC*C*PPEL-NH2,613.270641,2,BAT_1,BAT_1.mzML,13.69,14.65
PEP-EMILIN1,PPQEC*C*PPEL-NH2,613.270641,2,BAT_2,BAT_2.mzML,13.69,14.65
PEP-EMILIN1,PPQEC*C*PPEL-NH2,613.270641,2,BAT_3,BAT_3.mzML,13.69,14.65
PEP-EMILIN1,PPQEC*C*PPEL-NH2,613.270641,2,Brain_1,Brain_1.mzML,13.69,14.65
PEP-EMILIN1,PPQEC*C*PPEL-NH2,613.270641,2,Brain_2,Brain_2.mzML,13.69,14.65
PEP-EMILIN1,PPQEC*C*PPEL-NH2,613.270641,2,Brain_3,Brain_3.mzML,13.69,14.65
PEP-EMILIN1,PPQEC*C*PPEL-NH2,613.270641,2,Heart_1,Heart_1.mzML,13.69,14.65
PEP-EMILIN1,PPQEC*C*PPEL-NH2,613.270641,2,Heart_2,Heart_2.mzML,13.69,14.65
PEP-EMILIN1,PPQEC*C*PPEL-NH2,613.270641,2,Heart_3,Heart_3.mzML,13.69,14.65
PEP-EMILIN1,PPQEC*C*PPEL-NH2,613.270641,2,Ileum_1,Gut_1.mzML,13.69,14.65
PEP-EMILIN1,PPQEC*C*PPEL-NH2,613.270641,2,Ileum_2,Gut_2.mzML,13.69,14.65
PEP-EMILIN1,PPQEC*C*PPEL-NH2,613.270641,2,Ileum_3,Gut_3.mzML,13.69,14.65
PEP-EMILIN1,PPQEC*C*PPEL-NH2,613.270641,2,Kidney_1,Kidney_1.mzML,13.69,14.65
PEP-EMILIN1,PPQEC*C*PPEL-NH2,613.270641,2,Kidney_2,Kidney_2.mzML,13.69,14.65
PEP-EMILIN1,PPQEC*C*PPEL-NH2,613.270641,2,Kidney_3,Kidney_3.mzML,13.69,14.65
PEP-EMILIN1,PPQEC*C*PPEL-NH2,613.270641,2,Liver_1,Liver_1.mzML,13.69,14.65
PEP-EMILIN1,PPQEC*C*PPEL-NH2,613.270641,2,Liver_2,Liver_2.mzML,13.69,14.65
PEP-EMILIN1,PPQEC*C*PPEL-NH2,613.270641,2,Liver_3,Liver_3.mzML,13.69,14.65
PEP-EMILIN1,PPQEC*C*PPEL-NH2,613.270641,2,Lung_1,Lung_1.mzML,13.69,14.65
PEP-EMILIN1,PPQEC*C*PPEL-NH2,613.270641,2,Lung_2,Lung_2.mzML,13.69,14.65
PEP-EMILIN1,PPQEC*C*PPEL-NH2,613.270641,2,Lung_3,Lung_3.mzML,13.69,14.65
PEP-EMILIN1,PPQEC*C*PPEL-NH2,613.270641,2,Pancreas_1,Pancreas_1.mzML,13.69,14.65
PEP-EMILIN1,PPQEC*C*PPEL-NH2,613.270641,2,Pancreas_2,Pancreas_2.mzML,13.69,14.65
PEP-EMILIN1,PPQEC*C*PPEL-NH2,613.270641,2,Pancreas_3,Pancreas_3.mzML,13.69,14.65
PEP-EMILIN1,PPQEC*C*PPEL-NH2,613.270641,2,Quad_1,Quad_1.mzML,13.69,14.65
PEP-EMILIN1,PPQEC*C*PPEL-NH2,613.270641,2,Quad_2,Quad_2.mzML,13.69,14.65
PEP-EMILIN1,PPQEC*C*PPEL-NH2,613.270641,2,Quad_3,Quad_3.mzML,13.69,14.65
PEP-EMILIN1,PPQEC*C*PPEL-NH2,613.270641,2,Spleen_1,Spleen_1.mzML,13.69,14.65
PEP-EMILIN1,PPQEC*C*PPEL-NH2,613.270641,2,Spleen_2,Spleen_2.mzML,13.69,14.65
PEP-EMILIN1,PPQEC*C*PPEL-NH2,613.270641,2,Spleen_3,Spleen_3.mzML,13.69,14.65
PEP-EMILIN1,PPQEC*C*PPEL-NH2,613.270641,2,iWAT_1,iWAT_1.mzML,13.69,14.65
PEP-EMILIN1,PPQEC*C*PPEL-NH2,613.270641,2,iWAT_2,iWAT_2.mzML,13.69,14.65
PEP-EMILIN1,PPQEC*C*PPEL-NH2,613.270641,2,iWAT_3,iWAT_3.mzML,13.69,14.65
PEP-EMILIN1,PPQEC*C*PPEL-NH2,613.270641,2,plasma_1,plasma_1.mzML,13.69,14.65
PEP-EMILIN1,PPQEC*C*PPEL-NH2,613.270641,2,plasma_2,plasma_2.mzML,13.69,14.65
PEP-EMILIN1,PPQEC*C*PPEL-NH2,613.270641,2,plasma_3,plasma_3.mzML,13.69,14.65
PEP-EMILIN1-2,LDVVTGSLTVLS-NH2,601.853178,2,1uMStd6,1uMStd6.mzML,25.9,26.72
PEP-EMILIN1-2,LDVVTGSLTVLS-NH2,601.853178,2,BAT_1,BAT_1.mzML,25.9,26.72
PEP-EMILIN1-2,LDVVTGSLTVLS-NH2,601.853178,2,BAT_2,BAT_2.mzML,25.9,26.72
PEP-EMILIN1-2,LDVVTGSLTVLS-NH2,601.853178,2,BAT_3,BAT_3.mzML,25.9,26.72
PEP-EMILIN1-2,LDVVTGSLTVLS-NH2,601.853178,2,Brain_1,Brain_1.mzML,25.9,26.72
PEP-EMILIN1-2,LDVVTGSLTVLS-NH2,601.853178,2,Brain_2,Brain_2.mzML,25.9,26.72
PEP-EMILIN1-2,LDVVTGSLTVLS-NH2,601.853178,2,Brain_3,Brain_3.mzML,25.9,26.72
PEP-EMILIN1-2,LDVVTGSLTVLS-NH2,601.853178,2,Heart_1,Heart_1.mzML,25.9,26.72
PEP-EMILIN1-2,LDVVTGSLTVLS-NH2,601.853178,2,Heart_2,Heart_2.mzML,25.9,26.72
PEP-EMILIN1-2,LDVVTGSLTVLS-NH2,601.853178,2,Heart_3,Heart_3.mzML,25.9,26.72
PEP-EMILIN1-2,LDVVTGSLTVLS-NH2,601.853178,2,Ileum_1,Gut_1.mzML,25.9,26.72
PEP-EMILIN1-2,LDVVTGSLTVLS-NH2,601.853178,2,Ileum_2,Gut_2.mzML,25.9,26.72
PEP-EMILIN1-2,LDVVTGSLTVLS-NH2,601.853178,2,Ileum_3,Gut_3.mzML,25.9,26.72
PEP-EMILIN1-2,LDVVTGSLTVLS-NH2,601.853178,2,Kidney_1,Kidney_1.mzML,25.9,26.72
PEP-EMILIN1-2,LDVVTGSLTVLS-NH2,601.853178,2,Kidney_2,Kidney_2.mzML,25.9,26.72
PEP-EMILIN1-2,LDVVTGSLTVLS-NH2,601.853178,2,Kidney_3,Kidney_3.mzML,25.9,26.72
PEP-EMILIN1-2,LDVVTGSLTVLS-NH2,601.853178,2,Liver_1,Liver_1.mzML,25.9,26.72
PEP-EMILIN1-2,LDVVTGSLTVLS-NH2,601.853178,2,Liver_2,Liver_2.mzML,25.9,26.72
PEP-EMILIN1-2,LDVVTGSLTVLS-NH2,601.853178,2,Liver_3,Liver_3.mzML,25.9,26.72
PEP-EMILIN1-2,LDVVTGSLTVLS-NH2,601.853178,2,Lung_1,Lung_1.mzML,25.9,26.72
PEP-EMILIN1-2,LDVVTGSLTVLS-NH2,601.853178,2,Lung_2,Lung_2.mzML,25.9,26.72
PEP-EMILIN1-2,LDVVTGSLTVLS-NH2,601.853178,2,Lung_3,Lung_3.mzML,25.9,26.72
PEP-EMILIN1-2,LDVVTGSLTVLS-NH2,601.853178,2,Pancreas_1,Pancreas_1.mzML,25.9,26.72
PEP-EMILIN1-2,LDVVTGSLTVLS-NH2,601.853178,2,Pancreas_2,Pancreas_2.mzML,25.9,26.72
PEP-EMILIN1-2,LDVVTGSLTVLS-NH2,601.853178,2,Pancreas_3,Pancreas_3.mzML,25.9,26.72
PEP-EMILIN1-2,LDVVTGSLTVLS-NH2,601.853178,2,Quad_1,Quad_1.mzML,25.9,26.72
PEP-EMILIN1-2,LDVVTGSLTVLS-NH2,601.853178,2,Quad_2,Quad_2.mzML,25.9,26.72
PEP-EMILIN1-2,LDVVTGSLTVLS-NH2,601.853178,2,Quad_3,Quad_3.mzML,25.9,26.72
PEP-EMILIN1-2,LDVVTGSLTVLS-NH2,601.853178,2,Spleen_1,Spleen_1.mzML,25.9,26.72
PEP-EMILIN1-2,LDVVTGSLTVLS-NH2,601.853178,2,Spleen_2,Spleen_2.mzML,25.9,26.72
PEP-EMILIN1-2,LDVVTGSLTVLS-NH2,601.853178,2,Spleen_3,Spleen_3.mzML,25.9,26.72
PEP-EMILIN1-2,LDVVTGSLTVLS-NH2,601.853178,2,iWAT_1,iWAT_1.mzML,25.9,26.72
PEP-EMILIN1-2,LDVVTGSLTVLS-NH2,601.853178,2,iWAT_2,iWAT_2.mzML,25.9,26.72
PEP-EMILIN1-2,LDVVTGSLTVLS-NH2,601.853178,2,iWAT_3,iWAT_3.mzML,25.9,26.72
PEP-EMILIN1-2,LDVVTGSLTVLS-NH2,601.853178,2,plasma_1,plasma_1.mzML,25.9,26.72
PEP-EMILIN1-2,LDVVTGSLTVLS-NH2,601.853178,2,plasma_2,plasma_2.mzML,25.9,26.72
PEP-EMILIN1-2,LDVVTGSLTVLS-NH2,601.853178,2,plasma_3,plasma_3.mzML,25.9,26.72
PEP-FREM1,HMQWLWAMS-NH2,594.775696,2,1uMStd6,1uMStd6.mzML,23.83,24.63
PEP-FREM1,HMQWLWAMS-NH2,594.775696,2,BAT_1,BAT_1.mzML,23.83,24.63
PEP-FREM1,HMQWLWAMS-NH2,594.775696,2,BAT_2,BAT_2.mzML,23.83,24.63
PEP-FREM1,HMQWLWAMS-NH2,594.775696,2,BAT_3,BAT_3.mzML,23.83,24.63
PEP-FREM1,HMQWLWAMS-NH2,594.775696,2,Brain_1,Brain_1.mzML,23.83,24.63
PEP-FREM1,HMQWLWAMS-NH2,594.775696,2,Brain_2,Brain_2.mzML,23.83,24.63
PEP-FREM1,HMQWLWAMS-NH2,594.775696,2,Brain_3,Brain_3.mzML,23.83,24.63
PEP-FREM1,HMQWLWAMS-NH2,594.775696,2,Heart_1,Heart_1.mzML,23.83,24.63
PEP-FREM1,HMQWLWAMS-NH2,594.775696,2,Heart_2,Heart_2.mzML,23.83,24.63
PEP-FREM1,HMQWLWAMS-NH2,594.775696,2,Heart_3,Heart_3.mzML,23.83,24.63
PEP-FREM1,HMQWLWAMS-NH2,594.775696,2,Ileum_1,Gut_1.mzML,23.83,24.63
PEP-FREM1,HMQWLWAMS-NH2,594.775696,2,Ileum_2,Gut_2.mzML,23.83,24.63
PEP-FREM1,HMQWLWAMS-NH2,594.775696,2,Ileum_3,Gut_3.mzML,23.83,24.63
PEP-FREM1,HMQWLWAMS-NH2,594.775696,2,Kidney_1,Kidney_1.mzML,23.83,24.63
PEP-FREM1,HMQWLWAMS-NH2,594.775696,2,Kidney_2,Kidney_2.mzML,23.83,24.63
PEP-FREM1,HMQWLWAMS-NH2,594.775696,2,Kidney_3,Kidney_3.mzML,23.83,24.63
PEP-FREM1,HMQWLWAMS-NH2,594.775696,2,Liver_1,Liver_1.mzML,23.83,24.63
PEP-FREM1,HMQWLWAMS-NH2,594.775696,2,Liver_2,Liver_2.mzML,23.83,24.63
PEP-FREM1,HMQWLWAMS-NH2,594.775696,2,Liver_3,Liver_3.mzML,23.83,24.63
PEP-FREM1,HMQWLWAMS-NH2,594.775696,2,Lung_1,Lung_1.mzML,23.83,24.63
PEP-FREM1,HMQWLWAMS-NH2,594.775696,2,Lung_2,Lung_2.mzML,23.83,24.63
PEP-FREM1,HMQWLWAMS-NH2,594.775696,2,Lung_3,Lung_3.mzML,23.83,24.63
PEP-FREM1,HMQWLWAMS-NH2,594.775696,2,Pancreas_1,Pancreas_1.mzML,23.83,24.63
PEP-FREM1,HMQWLWAMS-NH2,594.775696,2,Pancreas_2,Pancreas_2.mzML,23.83,24.63
PEP-FREM1,HMQWLWAMS-NH2,594.775696,2,Pancreas_3,Pancreas_3.mzML,23.83,24.63
PEP-FREM1,HMQWLWAMS-NH2,594.775696,2,Quad_1,Quad_1.mzML,23.83,24.63
PEP-FREM1,HMQWLWAMS-NH2,594.775696,2,Quad_2,Quad_2.mzML,23.83,24.63
PEP-FREM1,HMQWLWAMS-NH2,594.775696,2,Quad_3,Quad_3.mzML,23.83,24.63
PEP-FREM1,HMQWLWAMS-NH2,594.775696,2,Spleen_1,Spleen_1.mzML,23.83,24.63
PEP-FREM1,HMQWLWAMS-NH2,594.775696,2,Spleen_2,Spleen_2.mzML,23.83,24.63
PEP-FREM1,HMQWLWAMS-NH2,594.775696,2,Spleen_3,Spleen_3.mzML,23.83,24.63
PEP-FREM1,HMQWLWAMS-NH2,594.775696,2,iWAT_1,iWAT_1.mzML,23.83,24.63
PEP-FREM1,HMQWLWAMS-NH2,594.775696,2,iWAT_2,iWAT_2.mzML,23.83,24.63
PEP-FREM1,HMQWLWAMS-NH2,594.775696,2,iWAT_3,iWAT_3.mzML,23.83,24.63
PEP-FREM1,HMQWLWAMS-NH2,594.775696,2,plasma_1,plasma_1.mzML,23.83,24.63
PEP-FREM1,HMQWLWAMS-NH2,594.775696,2,plasma_2,plasma_2.mzML,23.83,24.63
PEP-FREM1,HMQWLWAMS-NH2,594.775696,2,plasma_3,plasma_3.mzML,23.83,24.63
PEP-FSTL4,EGLPSPGLSASC*-NH2,587.282062,2,1uMStd6,1uMStd6.mzML,16.31,16.97
PEP-FSTL4,EGLPSPGLSASC*-NH2,587.282062,2,BAT_1,BAT_1.mzML,16.31,16.97
PEP-FSTL4,EGLPSPGLSASC*-NH2,587.282062,2,BAT_2,BAT_2.mzML,16.31,16.97
PEP-FSTL4,EGLPSPGLSASC*-NH2,587.282062,2,BAT_3,BAT_3.mzML,16.31,16.97
PEP-FSTL4,EGLPSPGLSASC*-NH2,587.282062,2,Brain_1,Brain_1.mzML,16.31,16.97
PEP-FSTL4,EGLPSPGLSASC*-NH2,587.282062,2,Brain_2,Brain_2.mzML,16.31,16.97
PEP-FSTL4,EGLPSPGLSASC*-NH2,587.282062,2,Brain_3,Brain_3.mzML,16.31,16.97
PEP-FSTL4,EGLPSPGLSASC*-NH2,587.282062,2,Heart_1,Heart_1.mzML,16.31,16.97
PEP-FSTL4,EGLPSPGLSASC*-NH2,587.282062,2,Heart_2,Heart_2.mzML,16.31,16.97
PEP-FSTL4,EGLPSPGLSASC*-NH2,587.282062,2,Heart_3,Heart_3.mzML,16.31,16.97
PEP-FSTL4,EGLPSPGLSASC*-NH2,587.282062,2,Ileum_1,Gut_1.mzML,16.31,16.97
PEP-FSTL4,EGLPSPGLSASC*-NH2,587.282062,2,Ileum_2,Gut_2.mzML,16.31,16.97
PEP-FSTL4,EGLPSPGLSASC*-NH2,587.282062,2,Ileum_3,Gut_3.mzML,16.31,16.97
PEP-FSTL4,EGLPSPGLSASC*-NH2,587.282062,2,Kidney_1,Kidney_1.mzML,16.31,16.97
PEP-FSTL4,EGLPSPGLSASC*-NH2,587.282062,2,Kidney_2,Kidney_2.mzML,16.31,16.97
PEP-FSTL4,EGLPSPGLSASC*-NH2,587.282062,2,Kidney_3,Kidney_3.mzML,16.31,16.97
PEP-FSTL4,EGLPSPGLSASC*-NH2,587.282062,2,Liver_1,Liver_1.mzML,16.31,16.97
PEP-FSTL4,EGLPSPGLSASC*-NH2,587.282062,2,Liver_2,Liver_2.mzML,16.31,16.97
PEP-FSTL4,EGLPSPGLSASC*-NH2,587.282062,2,Liver_3,Liver_3.mzML,16.31,16.97
PEP-FSTL4,EGLPSPGLSASC*-NH2,587.282062,2,Lung_1,Lung_1.mzML,16.31,16.97
PEP-FSTL4,EGLPSPGLSASC*-NH2,587.282062,2,Lung_2,Lung_2.mzML,16.31,16.97
PEP-FSTL4,EGLPSPGLSASC*-NH2,587.282062,2,Lung_3,Lung_3.mzML,16.31,16.97
PEP-FSTL4,EGLPSPGLSASC*-NH2,587.282062,2,Pancreas_1,Pancreas_1.mzML,16.31,16.97
PEP-FSTL4,EGLPSPGLSASC*-NH2,587.282062,2,Pancreas_2,Pancreas_2.mzML,16.31,16.97
PEP-FSTL4,EGLPSPGLSASC*-NH2,587.282062,2,Pancreas_3,Pancreas_3.mzML,16.31,16.97
PEP-FSTL4,EGLPSPGLSASC*-NH2,587.282062,2,Quad_1,Quad_1.mzML,16.31,16.97
PEP-FSTL4,EGLPSPGLSASC*-NH2,587.282062,2,Quad_2,Quad_2.mzML,16.31,16.97
PEP-FSTL4,EGLPSPGLSASC*-NH2,587.282062,2,Quad_3,Quad_3.mzML,16.31,16.97
PEP-FSTL4,EGLPSPGLSASC*-NH2,587.282062,2,Spleen_1,Spleen_1.mzML,16.31,16.97
PEP-FSTL4,EGLPSPGLSASC*-NH2,587.282062,2,Spleen_2,Spleen_2.mzML,16.31,16.97
PEP-FSTL4,EGLPSPGLSASC*-NH2,587.282062,2,Spleen_3,Spleen_3.mzML,16.31,16.97
PEP-FSTL4,EGLPSPGLSASC*-NH2,587.282062,2,iWAT_1,iWAT_1.mzML,16.31,16.97
PEP-FSTL4,EGLPSPGLSASC*-NH2,587.282062,2,iWAT_2,iWAT_2.mzML,16.31,16.97
PEP-FSTL4,EGLPSPGLSASC*-NH2,587.282062,2,iWAT_3,iWAT_3.mzML,16.31,16.97
PEP-FSTL4,EGLPSPGLSASC*-NH2,587.282062,2,plasma_1,plasma_1.mzML,16.31,16.97
PEP-FSTL4,EGLPSPGLSASC*-NH2,587.282062,2,plasma_2,plasma_2.mzML,16.31,16.97
PEP-FSTL4,EGLPSPGLSASC*-NH2,587.282062,2,plasma_3,plasma_3.mzML,16.31,16.97
PEP-GCG,DFPEEVAIAEEL-NH2,680.835182,2,1uMStd6,1uMStd6.mzML,27.41,27.81
PEP-GCG,DFPEEVAIAEEL-NH2,680.835182,2,BAT_1,BAT_1.mzML,27.41,27.81
PEP-GCG,DFPEEVAIAEEL-NH2,680.835182,2,BAT_2,BAT_2.mzML,27.41,27.81
PEP-GCG,DFPEEVAIAEEL-NH2,680.835182,2,BAT_3,BAT_3.mzML,27.41,27.81
PEP-GCG,DFPEEVAIAEEL-NH2,680.835182,2,Brain_1,Brain_1.mzML,27.41,27.81
PEP-GCG,DFPEEVAIAEEL-NH2,680.835182,2,Brain_2,Brain_2.mzML,27.41,27.81
PEP-GCG,DFPEEVAIAEEL-NH2,680.835182,2,Brain_3,Brain_3.mzML,27.41,27.81
PEP-GCG,DFPEEVAIAEEL-NH2,680.835182,2,Heart_1,Heart_1.mzML,27.41,27.81
PEP-GCG,DFPEEVAIAEEL-NH2,680.835182,2,Heart_2,Heart_2.mzML,27.41,27.81
PEP-GCG,DFPEEVAIAEEL-NH2,680.835182,2,Heart_3,Heart_3.mzML,27.41,27.81
PEP-GCG,DFPEEVAIAEEL-NH2,680.835182,2,Ileum_1,Gut_1.mzML,27.41,27.81
PEP-GCG,DFPEEVAIAEEL-NH2,680.835182,2,Ileum_2,Gut_2.mzML,27.41,27.81
PEP-GCG,DFPEEVAIAEEL-NH2,680.835182,2,Ileum_3,Gut_3.mzML,27.41,27.81
PEP-GCG,DFPEEVAIAEEL-NH2,680.835182,2,Kidney_1,Kidney_1.mzML,27.41,27.81
PEP-GCG,DFPEEVAIAEEL-NH2,680.835182,2,Kidney_2,Kidney_2.mzML,27.41,27.81
PEP-GCG,DFPEEVAIAEEL-NH2,680.835182,2,Kidney_3,Kidney_3.mzML,27.41,27.81
PEP-GCG,DFPEEVAIAEEL-NH2,680.835182,2,Liver_1,Liver_1.mzML,27.41,27.81
PEP-GCG,DFPEEVAIAEEL-NH2,680.835182,2,Liver_2,Liver_2.mzML,27.41,27.81
PEP-GCG,DFPEEVAIAEEL-NH2,680.835182,2,Liver_3,Liver_3.mzML,27.41,27.81
PEP-GCG,DFPEEVAIAEEL-NH2,680.835182,2,Lung_1,Lung_1.mzML,27.41,27.81
PEP-GCG,DFPEEVAIAEEL-NH2,680.835182,2,Lung_2,Lung_2.mzML,27.41,27.81
PEP-GCG,DFPEEVAIAEEL-NH2,680.835182,2,Lung_3,Lung_3.mzML,27.41,27.81
PEP-GCG,DFPEEVAIAEEL-NH2,680.835182,2,Pancreas_1,Pancreas_1.mzML,27.41,27.81
PEP-GCG,DFPEEVAIAEEL-NH2,680.835182,2,Pancreas_2,Pancreas_2.mzML,27.41,27.81
PEP-GCG,DFPEEVAIAEEL-NH2,680.835182,2,Pancreas_3,Pancreas_3.mzML,27.41,27.81
PEP-GCG,DFPEEVAIAEEL-NH2,680.835182,2,Quad_1,Quad_1.mzML,27.41,27.81
PEP-GCG,DFPEEVAIAEEL-NH2,680.835182,2,Quad_2,Quad_2.mzML,27.41,27.81
PEP-GCG,DFPEEVAIAEEL-NH2,680.835182,2,Quad_3,Quad_3.mzML,27.41,27.81
PEP-GCG,DFPEEVAIAEEL-NH2,680.835182,2,Spleen_1,Spleen_1.mzML,27.41,27.81
PEP-GCG,DFPEEVAIAEEL-NH2,680.835182,2,Spleen_2,Spleen_2.mzML,27.41,27.81
PEP-GCG,DFPEEVAIAEEL-NH2,680.835182,2,Spleen_3,Spleen_3.mzML,27.41,27.81
PEP-GCG,DFPEEVAIAEEL-NH2,680.835182,2,iWAT_1,iWAT_1.mzML,27.41,27.81
PEP-GCG,DFPEEVAIAEEL-NH2,680.835182,2,iWAT_2,iWAT_2.mzML,27.41,27.81
PEP-GCG,DFPEEVAIAEEL-NH2,680.835182,2,iWAT_3,iWAT_3.mzML,27.41,27.81
PEP-GCG,DFPEEVAIAEEL-NH2,680.835182,2,plasma_1,plasma_1.mzML,27.41,27.81
PEP-GCG,DFPEEVAIAEEL-NH2,680.835182,2,plasma_2,plasma_2.mzML,27.41,27.81
PEP-GCG,DFPEEVAIAEEL-NH2,680.835182,2,plasma_3,plasma_3.mzML,27.41,27.81
PEP-GDF6,TAFASRH-NH2,394.711736,2,1uMStd6,1uMStd6.mzML,1.43,1.91
PEP-GDF6,TAFASRH-NH2,394.711736,2,BAT_1,BAT_1.mzML,1.43,1.91
PEP-GDF6,TAFASRH-NH2,394.711736,2,BAT_2,BAT_2.mzML,1.43,1.91
PEP-GDF6,TAFASRH-NH2,394.711736,2,BAT_3,BAT_3.mzML,1.43,1.91
PEP-GDF6,TAFASRH-NH2,394.711736,2,Brain_1,Brain_1.mzML,1.42,1.91
PEP-GDF6,TAFASRH-NH2,394.711736,2,Brain_2,Brain_2.mzML,1.42,1.91
PEP-GDF6,TAFASRH-NH2,394.711736,2,Brain_3,Brain_3.mzML,1.42,1.91
PEP-GDF6,TAFASRH-NH2,394.711736,2,Heart_1,Heart_1.mzML,1.43,1.91
PEP-GDF6,TAFASRH-NH2,394.711736,2,Heart_2,Heart_2.mzML,1.43,1.91
PEP-GDF6,TAFASRH-NH2,394.711736,2,Heart_3,Heart_3.mzML,1.43,1.91
PEP-GDF6,TAFASRH-NH2,394.711736,2,Ileum_1,Gut_1.mzML,1.42,1.91
PEP-GDF6,TAFASRH-NH2,394.711736,2,Ileum_2,Gut_2.mzML,1.42,1.91
PEP-GDF6,TAFASRH-NH2,394.711736,2,Ileum_3,Gut_3.mzML,1.42,1.91
PEP-GDF6,TAFASRH-NH2,394.711736,2,Kidney_1,Kidney_1.mzML,1.43,1.91
PEP-GDF6,TAFASRH-NH2,394.711736,2,Kidney_2,Kidney_2.mzML,1.43,1.91
PEP-GDF6,TAFASRH-NH2,394.711736,2,Kidney_3,Kidney_3.mzML,1.42,1.91
PEP-GDF6,TAFASRH-NH2,394.711736,2,Liver_1,Liver_1.mzML,1.43,1.91
PEP-GDF6,TAFASRH-NH2,394.711736,2,Liver_2,Liver_2.mzML,1.43,1.91
PEP-GDF6,TAFASRH-NH2,394.711736,2,Liver_3,Liver_3.mzML,1.42,1.91
PEP-GDF6,TAFASRH-NH2,394.711736,2,Lung_1,Lung_1.mzML,1.43,1.91
PEP-GDF6,TAFASRH-NH2,394.711736,2,Lung_2,Lung_2.mzML,1.43,1.91
PEP-GDF6,TAFASRH-NH2,394.711736,2,Lung_3,Lung_3.mzML,1.43,1.91
PEP-GDF6,TAFASRH-NH2,394.711736,2,Pancreas_1,Pancreas_1.mzML,1.43,1.91
PEP-GDF6,TAFASRH-NH2,394.711736,2,Pancreas_2,Pancreas_2.mzML,1.43,1.91
PEP-GDF6,TAFASRH-NH2,394.711736,2,Pancreas_3,Pancreas_3.mzML,1.43,1.91
PEP-GDF6,TAFASRH-NH2,394.711736,2,Quad_1,Quad_1.mzML,1.42,1.91
PEP-GDF6,TAFASRH-NH2,394.711736,2,Quad_2,Quad_2.mzML,1.43,1.91
PEP-GDF6,TAFASRH-NH2,394.711736,2,Quad_3,Quad_3.mzML,1.43,1.91
PEP-GDF6,TAFASRH-NH2,394.711736,2,Spleen_1,Spleen_1.mzML,1.43,1.91
PEP-GDF6,TAFASRH-NH2,394.711736,2,Spleen_2,Spleen_2.mzML,1.43,1.91
PEP-GDF6,TAFASRH-NH2,394.711736,2,Spleen_3,Spleen_3.mzML,1.43,1.91
PEP-GDF6,TAFASRH-NH2,394.711736,2,iWAT_1,iWAT_1.mzML,1.43,1.91
PEP-GDF6,TAFASRH-NH2,394.711736,2,iWAT_2,iWAT_2.mzML,1.43,1.91
PEP-GDF6,TAFASRH-NH2,394.711736,2,iWAT_3,iWAT_3.mzML,1.43,1.91
PEP-GDF6,TAFASRH-NH2,394.711736,2,plasma_1,plasma_1.mzML,1.43,1.91
PEP-GDF6,TAFASRH-NH2,394.711736,2,plasma_2,plasma_2.mzML,1.43,1.91
PEP-GDF6,TAFASRH-NH2,394.711736,2,plasma_3,plasma_3.mzML,1.43,1.91
PEP-GDNF,FPLPA-NH2,543.328944,1,1uMStd6,1uMStd6.mzML,17.68,19.51
PEP-GDNF,FPLPA-NH2,543.328944,1,BAT_1,BAT_1.mzML,17.68,19.51
PEP-GDNF,FPLPA-NH2,543.328944,1,BAT_2,BAT_2.mzML,17.68,19.51
PEP-GDNF,FPLPA-NH2,543.328944,1,BAT_3,BAT_3.mzML,17.68,19.51
PEP-GDNF,FPLPA-NH2,543.328944,1,Brain_1,Brain_1.mzML,17.68,19.51
PEP-GDNF,FPLPA-NH2,543.328944,1,Brain_2,Brain_2.mzML,17.68,19.51
PEP-GDNF,FPLPA-NH2,543.328944,1,Brain_3,Brain_3.mzML,17.68,19.51
PEP-GDNF,FPLPA-NH2,543.328944,1,Heart_1,Heart_1.mzML,17.68,19.51
PEP-GDNF,FPLPA-NH2,543.328944,1,Heart_2,Heart_2.mzML,17.68,19.51
PEP-GDNF,FPLPA-NH2,543.328944,1,Heart_3,Heart_3.mzML,17.68,19.51
PEP-GDNF,FPLPA-NH2,543.328944,1,Ileum_1,Gut_1.mzML,17.68,19.51
PEP-GDNF,FPLPA-NH2,543.328944,1,Ileum_2,Gut_2.mzML,17.68,19.51
PEP-GDNF,FPLPA-NH2,543.328944,1,Ileum_3,Gut_3.mzML,17.68,19.51
PEP-GDNF,FPLPA-NH2,543.328944,1,Kidney_1,Kidney_1.mzML,17.68,19.51
PEP-GDNF,FPLPA-NH2,543.328944,1,Kidney_2,Kidney_2.mzML,17.68,19.51
PEP-GDNF,FPLPA-NH2,543.328944,1,Kidney_3,Kidney_3.mzML,17.68,19.51
PEP-GDNF,FPLPA-NH2,543.328944,1,Liver_1,Liver_1.mzML,17.68,19.51
PEP-GDNF,FPLPA-NH2,543.328944,1,Liver_2,Liver_2.mzML,17.68,19.51
PEP-GDNF,FPLPA-NH2,543.328944,1,Liver_3,Liver_3.mzML,17.68,19.51
PEP-GDNF,FPLPA-NH2,543.328944,1,Lung_1,Lung_1.mzML,17.68,19.51
PEP-GDNF,FPLPA-NH2,543.328944,1,Lung_2,Lung_2.mzML,17.68,19.51
PEP-GDNF,FPLPA-NH2,543.328944,1,Lung_3,Lung_3.mzML,17.68,19.51
PEP-GDNF,FPLPA-NH2,543.328944,1,Pancreas_1,Pancreas_1.mzML,17.68,19.51
PEP-GDNF,FPLPA-NH2,543.328944,1,Pancreas_2,Pancreas_2.mzML,17.68,19.51
PEP-GDNF,FPLPA-NH2,543.328944,1,Pancreas_3,Pancreas_3.mzML,17.68,19.51
PEP-GDNF,FPLPA-NH2,543.328944,1,Quad_1,Quad_1.mzML,17.68,19.51
PEP-GDNF,FPLPA-NH2,543.328944,1,Quad_2,Quad_2.mzML,17.68,19.51
PEP-GDNF,FPLPA-NH2,543.328944,1,Quad_3,Quad_3.mzML,17.68,19.51
PEP-GDNF,FPLPA-NH2,543.328944,1,Spleen_1,Spleen_1.mzML,17.68,19.51
PEP-GDNF,FPLPA-NH2,543.328944,1,Spleen_2,Spleen_2.mzML,17.68,19.51
PEP-GDNF,FPLPA-NH2,543.328944,1,Spleen_3,Spleen_3.mzML,17.68,19.51
PEP-GDNF,FPLPA-NH2,543.328944,1,iWAT_1,iWAT_1.mzML,17.68,19.51
PEP-GDNF,FPLPA-NH2,543.328944,1,iWAT_2,iWAT_2.mzML,17.68,19.51
PEP-GDNF,FPLPA-NH2,543.328944,1,iWAT_3,iWAT_3.mzML,17.68,19.51
PEP-GDNF,FPLPA-NH2,543.328944,1,plasma_1,plasma_1.mzML,17.68,19.51
PEP-GDNF,FPLPA-NH2,543.328944,1,plasma_2,plasma_2.mzML,17.68,19.51
PEP-GDNF,FPLPA-NH2,543.328944,1,plasma_3,plasma_3.mzML,17.68,19.51
PEP-HHIPL2,SRVWSPRPQ-NH2,556.309606,2,1uMStd6,1uMStd6.mzML,7.15,9.32
PEP-HHIPL2,SRVWSPRPQ-NH2,556.309606,2,BAT_1,BAT_1.mzML,7.15,9.32
PEP-HHIPL2,SRVWSPRPQ-NH2,556.309606,2,BAT_2,BAT_2.mzML,7.15,9.32
PEP-HHIPL2,SRVWSPRPQ-NH2,556.309606,2,BAT_3,BAT_3.mzML,7.15,9.32
PEP-HHIPL2,SRVWSPRPQ-NH2,556.309606,2,Brain_1,Brain_1.mzML,7.15,9.32
PEP-HHIPL2,SRVWSPRPQ-NH2,556.309606,2,Brain_2,Brain_2.mzML,7.15,9.32
PEP-HHIPL2,SRVWSPRPQ-NH2,556.309606,2,Brain_3,Brain_3.mzML,7.15,9.32
PEP-HHIPL2,SRVWSPRPQ-NH2,556.309606,2,Heart_1,Heart_1.mzML,7.15,9.32
PEP-HHIPL2,SRVWSPRPQ-NH2,556.309606,2,Heart_2,Heart_2.mzML,7.15,9.32
PEP-HHIPL2,SRVWSPRPQ-NH2,556.309606,2,Heart_3,Heart_3.mzML,7.15,9.32
PEP-HHIPL2,SRVWSPRPQ-NH2,556.309606,2,Ileum_1,Gut_1.mzML,7.15,9.32
PEP-HHIPL2,SRVWSPRPQ-NH2,556.309606,2,Ileum_2,Gut_2.mzML,7.15,9.32
PEP-HHIPL2,SRVWSPRPQ-NH2,556.309606,2,Ileum_3,Gut_3.mzML,7.15,9.32
PEP-HHIPL2,SRVWSPRPQ-NH2,556.309606,2,Kidney_1,Kidney_1.mzML,7.15,9.32
PEP-HHIPL2,SRVWSPRPQ-NH2,556.309606,2,Kidney_2,Kidney_2.mzML,7.15,9.32
PEP-HHIPL2,SRVWSPRPQ-NH2,556.309606,2,Kidney_3,Kidney_3.mzML,7.15,9.32
PEP-HHIPL2,SRVWSPRPQ-NH2,556.309606,2,Liver_1,Liver_1.mzML,7.15,9.32
PEP-HHIPL2,SRVWSPRPQ-NH2,556.309606,2,Liver_2,Liver_2.mzML,7.15,9.32
PEP-HHIPL2,SRVWSPRPQ-NH2,556.309606,2,Liver_3,Liver_3.mzML,7.15,9.32
PEP-HHIPL2,SRVWSPRPQ-NH2,556.309606,2,Lung_1,Lung_1.mzML,7.15,9.32
PEP-HHIPL2,SRVWSPRPQ-NH2,556.309606,2,Lung_2,Lung_2.mzML,7.15,9.32
PEP-HHIPL2,SRVWSPRPQ-NH2,556.309606,2,Lung_3,Lung_3.mzML,7.15,9.32
PEP-HHIPL2,SRVWSPRPQ-NH2,556.309606,2,Pancreas_1,Pancreas_1.mzML,7.15,9.32
PEP-HHIPL2,SRVWSPRPQ-NH2,556.309606,2,Pancreas_2,Pancreas_2.mzML,7.15,9.32
PEP-HHIPL2,SRVWSPRPQ-NH2,556.309606,2,Pancreas_3,Pancreas_3.mzML,7.15,9.32
PEP-HHIPL2,SRVWSPRPQ-NH2,556.309606,2,Quad_1,Quad_1.mzML,7.15,9.32
PEP-HHIPL2,SRVWSPRPQ-NH2,556.309606,2,Quad_2,Quad_2.mzML,7.15,9.32
PEP-HHIPL2,SRVWSPRPQ-NH2,556.309606,2,Quad_3,Quad_3.mzML,7.15,9.32
PEP-HHIPL2,SRVWSPRPQ-NH2,556.309606,2,Spleen_1,Spleen_1.mzML,7.15,9.32
PEP-HHIPL2,SRVWSPRPQ-NH2,556.309606,2,Spleen_2,Spleen_2.mzML,7.15,9.32
PEP-HHIPL2,SRVWSPRPQ-NH2,556.309606,2,Spleen_3,Spleen_3.mzML,7.15,9.32
PEP-HHIPL2,SRVWSPRPQ-NH2,556.309606,2,iWAT_1,iWAT_1.mzML,7.15,9.32
PEP-HHIPL2,SRVWSPRPQ-NH2,556.309606,2,iWAT_2,iWAT_2.mzML,7.15,9.32
PEP-HHIPL2,SRVWSPRPQ-NH2,556.309606,2,iWAT_3,iWAT_3.mzML,7.15,9.32
PEP-HHIPL2,SRVWSPRPQ-NH2,556.309606,2,plasma_1,plasma_1.mzML,7.15,9.32
PEP-HHIPL2,SRVWSPRPQ-NH2,556.309606,2,plasma_2,plasma_2.mzML,7.15,9.32
PEP-HHIPL2,SRVWSPRPQ-NH2,556.309606,2,plasma_3,plasma_3.mzML,7.15,9.32
PEP-IGFBP3,pGlu-C*RPSK-NH2,379.192322,2,1uMStd6,1uMStd6.mzML,1.33,1.95
PEP-IGFBP3,pGlu-C*RPSK-NH2,379.192322,2,BAT_1,BAT_1.mzML,1.33,1.95
PEP-IGFBP3,pGlu-C*RPSK-NH2,379.192322,2,BAT_2,BAT_2.mzML,1.33,1.95
PEP-IGFBP3,pGlu-C*RPSK-NH2,379.192322,2,BAT_3,BAT_3.mzML,1.33,1.95
PEP-IGFBP3,pGlu-C*RPSK-NH2,379.192322,2,Brain_1,Brain_1.mzML,1.33,1.95
PEP-IGFBP3,pGlu-C*RPSK-NH2,379.192322,2,Brain_2,Brain_2.mzML,1.33,1.95
PEP-IGFBP3,pGlu-C*RPSK-NH2,379.192322,2,Brain_3,Brain_3.mzML,1.33,1.95
PEP-IGFBP3,pGlu-C*RPSK-NH2,379.192322,2,Heart_1,Heart_1.mzML,1.33,1.95
PEP-IGFBP3,pGlu-C*RPSK-NH2,379.192322,2,Heart_2,Heart_2.mzML,1.33,1.95
PEP-IGFBP3,pGlu-C*RPSK-NH2,379.192322,2,Heart_3,Heart_3.mzML,1.33,1.95
PEP-IGFBP3,pGlu-C*RPSK-NH2,379.192322,2,Ileum_1,Gut_1.mzML,1.33,1.95
PEP-IGFBP3,pGlu-C*RPSK-NH2,379.192322,2,Ileum_2,Gut_2.mzML,1.33,1.95
PEP-IGFBP3,pGlu-C*RPSK-NH2,379.192322,2,Ileum_3,Gut_3.mzML,1.33,1.95
PEP-IGFBP3,pGlu-C*RPSK-NH2,379.192322,2,Kidney_1,Kidney_1.mzML,1.33,1.95
PEP-IGFBP3,pGlu-C*RPSK-NH2,379.192322,2,Kidney_2,Kidney_2.mzML,1.33,1.95
PEP-IGFBP3,pGlu-C*RPSK-NH2,379.192322,2,Kidney_3,Kidney_3.mzML,1.33,1.95
PEP-IGFBP3,pGlu-C*RPSK-NH2,379.192322,2,Liver_1,Liver_1.mzML,1.33,1.95
PEP-IGFBP3,pGlu-C*RPSK-NH2,379.192322,2,Liver_2,Liver_2.mzML,1.33,1.95
PEP-IGFBP3,pGlu-C*RPSK-NH2,379.192322,2,Liver_3,Liver_3.mzML,1.33,1.95
PEP-IGFBP3,pGlu-C*RPSK-NH2,379.192322,2,Lung_1,Lung_1.mzML,1.33,1.95
PEP-IGFBP3,pGlu-C*RPSK-NH2,379.192322,2,Lung_2,Lung_2.mzML,1.33,1.95
PEP-IGFBP3,pGlu-C*RPSK-NH2,379.192322,2,Lung_3,Lung_3.mzML,1.33,1.95
PEP-IGFBP3,pGlu-C*RPSK-NH2,379.192322,2,Pancreas_1,Pancreas_1.mzML,1.33,1.95
PEP-IGFBP3,pGlu-C*RPSK-NH2,379.192322,2,Pancreas_2,Pancreas_2.mzML,1.33,1.95
PEP-IGFBP3,pGlu-C*RPSK-NH2,379.192322,2,Pancreas_3,Pancreas_3.mzML,1.33,1.95
PEP-IGFBP3,pGlu-C*RPSK-NH2,379.192322,2,Quad_1,Quad_1.mzML,1.33,1.95
PEP-IGFBP3,pGlu-C*RPSK-NH2,379.192322,2,Quad_2,Quad_2.mzML,1.33,1.95
PEP-IGFBP3,pGlu-C*RPSK-NH2,379.192322,2,Quad_3,Quad_3.mzML,1.33,1.95
PEP-IGFBP3,pGlu-C*RPSK-NH2,379.192322,2,Spleen_1,Spleen_1.mzML,1.33,1.95
PEP-IGFBP3,pGlu-C*RPSK-NH2,379.192322,2,Spleen_2,Spleen_2.mzML,1.33,1.95
PEP-IGFBP3,pGlu-C*RPSK-NH2,379.192322,2,Spleen_3,Spleen_3.mzML,1.33,1.95
PEP-IGFBP3,pGlu-C*RPSK-NH2,379.192322,2,iWAT_1,iWAT_1.mzML,1.33,1.95
PEP-IGFBP3,pGlu-C*RPSK-NH2,379.192322,2,iWAT_2,iWAT_2.mzML,1.33,1.95
PEP-IGFBP3,pGlu-C*RPSK-NH2,379.192322,2,iWAT_3,iWAT_3.mzML,1.33,1.95
PEP-IGFBP3,pGlu-C*RPSK-NH2,379.192322,2,plasma_1,plasma_1.mzML,1.33,1.95
PEP-IGFBP3,pGlu-C*RPSK-NH2,379.192322,2,plasma_2,plasma_2.mzML,1.33,1.95
PEP-IGFBP3,pGlu-C*RPSK-NH2,379.192322,2,plasma_3,plasma_3.mzML,1.33,1.95
PEP-IGFBPL1,LGLRDA-NH2,322.19793,2,1uMStd6,1uMStd6.mzML,9.29,10.18
PEP-IGFBPL1,LGLRDA-NH2,322.19793,2,BAT_1,BAT_1.mzML,9.29,10.18
PEP-IGFBPL1,LGLRDA-NH2,322.19793,2,BAT_2,BAT_2.mzML,9.29,10.18
PEP-IGFBPL1,LGLRDA-NH2,322.19793,2,BAT_3,BAT_3.mzML,9.29,10.18
PEP-IGFBPL1,LGLRDA-NH2,322.19793,2,Brain_1,Brain_1.mzML,9.29,10.18
PEP-IGFBPL1,LGLRDA-NH2,322.19793,2,Brain_2,Brain_2.mzML,9.29,10.18
PEP-IGFBPL1,LGLRDA-NH2,322.19793,2,Brain_3,Brain_3.mzML,9.29,10.18
PEP-IGFBPL1,LGLRDA-NH2,322.19793,2,Heart_1,Heart_1.mzML,9.29,10.18
PEP-IGFBPL1,LGLRDA-NH2,322.19793,2,Heart_2,Heart_2.mzML,9.29,10.18
PEP-IGFBPL1,LGLRDA-NH2,322.19793,2,Heart_3,Heart_3.mzML,9.29,10.18
PEP-IGFBPL1,LGLRDA-NH2,322.19793,2,Ileum_1,Gut_1.mzML,9.29,10.18
PEP-IGFBPL1,LGLRDA-NH2,322.19793,2,Ileum_2,Gut_2.mzML,9.29,10.18
PEP-IGFBPL1,LGLRDA-NH2,322.19793,2,Ileum_3,Gut_3.mzML,9.29,10.18
PEP-IGFBPL1,LGLRDA-NH2,322.19793,2,Kidney_1,Kidney_1.mzML,9.29,10.18
PEP-IGFBPL1,LGLRDA-NH2,322.19793,2,Kidney_2,Kidney_2.mzML,9.29,10.18
PEP-IGFBPL1,LGLRDA-NH2,322.19793,2,Kidney_3,Kidney_3.mzML,9.29,10.18
PEP-IGFBPL1,LGLRDA-NH2,322.19793,2,Liver_1,Liver_1.mzML,9.29,10.18
PEP-IGFBPL1,LGLRDA-NH2,322.19793,2,Liver_2,Liver_2.mzML,9.29,10.18
PEP-IGFBPL1,LGLRDA-NH2,322.19793,2,Liver_3,Liver_3.mzML,9.29,10.18
PEP-IGFBPL1,LGLRDA-NH2,322.19793,2,Lung_1,Lung_1.mzML,9.29,10.18
PEP-IGFBPL1,LGLRDA-NH2,322.19793,2,Lung_2,Lung_2.mzML,9.29,10.18
PEP-IGFBPL1,LGLRDA-NH2,322.19793,2,Lung_3,Lung_3.mzML,9.29,10.18
PEP-IGFBPL1,LGLRDA-NH2,322.19793,2,Pancreas_1,Pancreas_1.mzML,9.29,10.18
PEP-IGFBPL1,LGLRDA-NH2,322.19793,2,Pancreas_2,Pancreas_2.mzML,9.29,10.18
PEP-IGFBPL1,LGLRDA-NH2,322.19793,2,Pancreas_3,Pancreas_3.mzML,9.29,10.18
PEP-IGFBPL1,LGLRDA-NH2,322.19793,2,Quad_1,Quad_1.mzML,9.29,10.18
PEP-IGFBPL1,LGLRDA-NH2,322.19793,2,Quad_2,Quad_2.mzML,9.29,10.18
PEP-IGFBPL1,LGLRDA-NH2,322.19793,2,Quad_3,Quad_3.mzML,9.29,10.18
PEP-IGFBPL1,LGLRDA-NH2,322.19793,2,Spleen_1,Spleen_1.mzML,9.29,10.18
PEP-IGFBPL1,LGLRDA-NH2,322.19793,2,Spleen_2,Spleen_2.mzML,9.29,10.18
PEP-IGFBPL1,LGLRDA-NH2,322.19793,2,Spleen_3,Spleen_3.mzML,9.29,10.18
PEP-IGFBPL1,LGLRDA-NH2,322.19793,2,iWAT_1,iWAT_1.mzML,9.29,10.18
PEP-IGFBPL1,LGLRDA-NH2,322.19793,2,iWAT_2,iWAT_2.mzML,9.29,10.18
PEP-IGFBPL1,LGLRDA-NH2,322.19793,2,iWAT_3,iWAT_3.mzML,9.29,10.18
PEP-IGFBPL1,LGLRDA-NH2,322.19793,2,plasma_1,plasma_1.mzML,9.29,10.18
PEP-IGFBPL1,LGLRDA-NH2,322.19793,2,plasma_2,plasma_2.mzML,9.29,10.18
PEP-IGFBPL1,LGLRDA-NH2,322.19793,2,plasma_3,plasma_3.mzML,9.29,10.18
PEP-INHBA,EVDGD-NH2,267.113729,2,1uMStd6,1uMStd6.mzML,0.95,1.25
PEP-INHBA,EVDGD-NH2,267.113729,2,BAT_1,BAT_1.mzML,0.95,1.25
PEP-INHBA,EVDGD-NH2,267.113729,2,BAT_2,BAT_2.mzML,0.95,1.25
PEP-INHBA,EVDGD-NH2,267.113729,2,BAT_3,BAT_3.mzML,0.95,1.25
PEP-INHBA,EVDGD-NH2,267.113729,2,Brain_1,Brain_1.mzML,0.94,1.25
PEP-INHBA,EVDGD-NH2,267.113729,2,Brain_2,Brain_2.mzML,0.94,1.25
PEP-INHBA,EVDGD-NH2,267.113729,2,Brain_3,Brain_3.mzML,0.94,1.25
PEP-INHBA,EVDGD-NH2,267.113729,2,Heart_1,Heart_1.mzML,0.95,1.25
PEP-INHBA,EVDGD-NH2,267.113729,2,Heart_2,Heart_2.mzML,0.95,1.25
PEP-INHBA,EVDGD-NH2,267.113729,2,Heart_3,Heart_3.mzML,0.95,1.25
PEP-INHBA,EVDGD-NH2,267.113729,2,Ileum_1,Gut_1.mzML,0.94,1.25
PEP-INHBA,EVDGD-NH2,267.113729,2,Ileum_2,Gut_2.mzML,0.94,1.25
PEP-INHBA,EVDGD-NH2,267.113729,2,Ileum_3,Gut_3.mzML,0.94,1.25
PEP-INHBA,EVDGD-NH2,267.113729,2,Kidney_1,Kidney_1.mzML,0.95,1.25
PEP-INHBA,EVDGD-NH2,267.113729,2,Kidney_2,Kidney_2.mzML,0.95,1.25
PEP-INHBA,EVDGD-NH2,267.113729,2,Kidney_3,Kidney_3.mzML,0.94,1.25
PEP-INHBA,EVDGD-NH2,267.113729,2,Liver_1,Liver_1.mzML,0.95,1.25
PEP-INHBA,EVDGD-NH2,267.113729,2,Liver_2,Liver_2.mzML,0.95,1.25
PEP-INHBA,EVDGD-NH2,267.113729,2,Liver_3,Liver_3.mzML,0.94,1.25
PEP-INHBA,EVDGD-NH2,267.113729,2,Lung_1,Lung_1.mzML,0.95,1.25
PEP-INHBA,EVDGD-NH2,267.113729,2,Lung_2,Lung_2.mzML,0.95,1.25
PEP-INHBA,EVDGD-NH2,267.113729,2,Lung_3,Lung_3.mzML,0.95,1.25
PEP-INHBA,EVDGD-NH2,267.113729,2,Pancreas_1,Pancreas_1.mzML,0.95,1.25
PEP-INHBA,EVDGD-NH2,267.113729,2,Pancreas_2,Pancreas_2.mzML,0.95,1.25
PEP-INHBA,EVDGD-NH2,267.113729,2,Pancreas_3,Pancreas_3.mzML,0.95,1.25
PEP-INHBA,EVDGD-NH2,267.113729,2,Quad_1,Quad_1.mzML,0.94,1.25
PEP-INHBA,EVDGD-NH2,267.113729,2,Quad_2,Quad_2.mzML,0.95,1.25
PEP-INHBA,EVDGD-NH2,267.113729,2,Quad_3,Quad_3.mzML,0.95,1.25
PEP-INHBA,EVDGD-NH2,267.113729,2,Spleen_1,Spleen_1.mzML,0.95,1.25
PEP-INHBA,EVDGD-NH2,267.113729,2,Spleen_2,Spleen_2.mzML,0.95,1.25
PEP-INHBA,EVDGD-NH2,267.113729,2,Spleen_3,Spleen_3.mzML,0.95,1.25
PEP-INHBA,EVDGD-NH2,267.113729,2,iWAT_1,iWAT_1.mzML,0.95,1.25
PEP-INHBA,EVDGD-NH2,267.113729,2,iWAT_2,iWAT_2.mzML,0.95,1.25
PEP-INHBA,EVDGD-NH2,267.113729,2,iWAT_3,iWAT_3.mzML,0.95,1.25
PEP-INHBA,EVDGD-NH2,267.113729,2,plasma_1,plasma_1.mzML,0.95,1.25
PEP-INHBA,EVDGD-NH2,267.113729,2,plasma_2,plasma_2.mzML,0.95,1.25
PEP-INHBA,EVDGD-NH2,267.113729,2,plasma_3,plasma_3.mzML,0.95,1.25
PEP-INHCA,GTGFQLNQLR-NH2,566.814721,2,1uMStd6,1uMStd6.mzML,16.44,17.25
PEP-INHCA,GTGFQLNQLR-NH2,566.814721,2,BAT_1,BAT_1.mzML,16.44,17.25
PEP-INHCA,GTGFQLNQLR-NH2,566.814721,2,BAT_2,BAT_2.mzML,16.44,17.25
PEP-INHCA,GTGFQLNQLR-NH2,566.814721,2,BAT_3,BAT_3.mzML,16.44,17.25
PEP-INHCA,GTGFQLNQLR-NH2,566.814721,2,Brain_1,Brain_1.mzML,16.44,17.25
PEP-INHCA,GTGFQLNQLR-NH2,566.814721,2,Brain_2,Brain_2.mzML,16.44,17.25
PEP-INHCA,GTGFQLNQLR-NH2,566.814721,2,Brain_3,Brain_3.mzML,16.44,17.25
PEP-INHCA,GTGFQLNQLR-NH2,566.814721,2,Heart_1,Heart_1.mzML,16.44,17.25
PEP-INHCA,GTGFQLNQLR-NH2,566.814721,2,Heart_2,Heart_2.mzML,16.44,17.25
PEP-INHCA,GTGFQLNQLR-NH2,566.814721,2,Heart_3,Heart_3.mzML,16.44,17.25
PEP-INHCA,GTGFQLNQLR-NH2,566.814721,2,Ileum_1,Gut_1.mzML,16.44,17.25
PEP-INHCA,GTGFQLNQLR-NH2,566.814721,2,Ileum_2,Gut_2.mzML,16.44,17.25
PEP-INHCA,GTGFQLNQLR-NH2,566.814721,2,Ileum_3,Gut_3.mzML,16.44,17.25
PEP-INHCA,GTGFQLNQLR-NH2,566.814721,2,Kidney_1,Kidney_1.mzML,16.44,17.25
PEP-INHCA,GTGFQLNQLR-NH2,566.814721,2,Kidney_2,Kidney_2.mzML,16.44,17.25
PEP-INHCA,GTGFQLNQLR-NH2,566.814721,2,Kidney_3,Kidney_3.mzML,16.44,17.25
PEP-INHCA,GTGFQLNQLR-NH2,566.814721,2,Liver_1,Liver_1.mzML,16.44,17.25
PEP-INHCA,GTGFQLNQLR-NH2,566.814721,2,Liver_2,Liver_2.mzML,16.44,17.25
PEP-INHCA,GTGFQLNQLR-NH2,566.814721,2,Liver_3,Liver_3.mzML,16.44,17.25
PEP-INHCA,GTGFQLNQLR-NH2,566.814721,2,Lung_1,Lung_1.mzML,16.44,17.25
PEP-INHCA,GTGFQLNQLR-NH2,566.814721,2,Lung_2,Lung_2.mzML,16.44,17.25
PEP-INHCA,GTGFQLNQLR-NH2,566.814721,2,Lung_3,Lung_3.mzML,16.44,17.25
PEP-INHCA,GTGFQLNQLR-NH2,566.814721,2,Pancreas_1,Pancreas_1.mzML,16.44,17.25
PEP-INHCA,GTGFQLNQLR-NH2,566.814721,2,Pancreas_2,Pancreas_2.mzML,16.44,17.25
PEP-INHCA,GTGFQLNQLR-NH2,566.814721,2,Pancreas_3,Pancreas_3.mzML,16.44,17.25
PEP-INHCA,GTGFQLNQLR-NH2,566.814721,2,Quad_1,Quad_1.mzML,16.44,17.25
PEP-INHCA,GTGFQLNQLR-NH2,566.814721,2,Quad_2,Quad_2.mzML,16.44,17.25
PEP-INHCA,GTGFQLNQLR-NH2,566.814721,2,Quad_3,Quad_3.mzML,16.44,17.25
PEP-INHCA,GTGFQLNQLR-NH2,566.814721,2,Spleen_1,Spleen_1.mzML,16.44,17.25
PEP-INHCA,GTGFQLNQLR-NH2,566.814721,2,Spleen_2,Spleen_2.mzML,16.44,17.25
PEP-INHCA,GTGFQLNQLR-NH2,566.814721,2,Spleen_3,Spleen_3.mzML,16.44,17.25
PEP-INHCA,GTGFQLNQLR-NH2,566.814721,2,iWAT_1,iWAT_1.mzML,16.44,17.25
PEP-INHCA,GTGFQLNQLR-NH2,566.814721,2,iWAT_2,iWAT_2.mzML,16.44,17.25
PEP-INHCA,GTGFQLNQLR-NH2,566.814721,2,iWAT_3,iWAT_3.mzML,16.44,17.25
PEP-INHCA,GTGFQLNQLR-NH2,566.814721,2,plasma_1,plasma_1.mzML,16.44,17.25
PEP-INHCA,GTGFQLNQLR-NH2,566.814721,2,plasma_2,plasma_2.mzML,16.44,17.25
PEP-INHCA,GTGFQLNQLR-NH2,566.814721,2,plasma_3,plasma_3.mzML,16.44,17.25
PEP-INHCA-2,SDVGITWKSLQ-NH2,616.835319,2,1uMStd6,1uMStd6.mzML,18.62,19.39
PEP-INHCA-2,SDVGITWKSLQ-NH2,616.835319,2,BAT_1,BAT_1.mzML,18.62,19.39
PEP-INHCA-2,SDVGITWKSLQ-NH2,616.835319,2,BAT_2,BAT_2.mzML,18.62,19.39
PEP-INHCA-2,SDVGITWKSLQ-NH2,616.835319,2,BAT_3,BAT_3.mzML,18.62,19.39
PEP-INHCA-2,SDVGITWKSLQ-NH2,616.835319,2,Brain_1,Brain_1.mzML,18.62,19.39
PEP-INHCA-2,SDVGITWKSLQ-NH2,616.835319,2,Brain_2,Brain_2.mzML,18.62,19.39
PEP-INHCA-2,SDVGITWKSLQ-NH2,616.835319,2,Brain_3,Brain_3.mzML,18.62,19.39
PEP-INHCA-2,SDVGITWKSLQ-NH2,616.835319,2,Heart_1,Heart_1.mzML,18.62,19.39
PEP-INHCA-2,SDVGITWKSLQ-NH2,616.835319,2,Heart_2,Heart_2.mzML,18.62,19.39
PEP-INHCA-2,SDVGITWKSLQ-NH2,616.835319,2,Heart_3,Heart_3.mzML,18.62,19.39
PEP-INHCA-2,SDVGITWKSLQ-NH2,616.835319,2,Ileum_1,Gut_1.mzML,18.62,19.39
PEP-INHCA-2,SDVGITWKSLQ-NH2,616.835319,2,Ileum_2,Gut_2.mzML,18.62,19.39
PEP-INHCA-2,SDVGITWKSLQ-NH2,616.835319,2,Ileum_3,Gut_3.mzML,18.62,19.39
PEP-INHCA-2,SDVGITWKSLQ-NH2,616.835319,2,Kidney_1,Kidney_1.mzML,18.62,19.39
PEP-INHCA-2,SDVGITWKSLQ-NH2,616.835319,2,Kidney_2,Kidney_2.mzML,18.62,19.39
PEP-INHCA-2,SDVGITWKSLQ-NH2,616.835319,2,Kidney_3,Kidney_3.mzML,18.62,19.39
PEP-INHCA-2,SDVGITWKSLQ-NH2,616.835319,2,Liver_1,Liver_1.mzML,18.62,19.39
PEP-INHCA-2,SDVGITWKSLQ-NH2,616.835319,2,Liver_2,Liver_2.mzML,18.62,19.39
PEP-INHCA-2,SDVGITWKSLQ-NH2,616.835319,2,Liver_3,Liver_3.mzML,18.62,19.39
PEP-INHCA-2,SDVGITWKSLQ-NH2,616.835319,2,Lung_1,Lung_1.mzML,18.62,19.39
PEP-INHCA-2,SDVGITWKSLQ-NH2,616.835319,2,Lung_2,Lung_2.mzML,18.62,19.39
PEP-INHCA-2,SDVGITWKSLQ-NH2,616.835319,2,Lung_3,Lung_3.mzML,18.62,19.39
PEP-INHCA-2,SDVGITWKSLQ-NH2,616.835319,2,Pancreas_1,Pancreas_1.mzML,18.62,19.39
PEP-INHCA-2,SDVGITWKSLQ-NH2,616.835319,2,Pancreas_2,Pancreas_2.mzML,18.62,19.39
PEP-INHCA-2,SDVGITWKSLQ-NH2,616.835319,2,Pancreas_3,Pancreas_3.mzML,18.62,19.39
PEP-INHCA-2,SDVGITWKSLQ-NH2,616.835319,2,Quad_1,Quad_1.mzML,18.62,19.39
PEP-INHCA-2,SDVGITWKSLQ-NH2,616.835319,2,Quad_2,Quad_2.mzML,18.62,19.39
PEP-INHCA-2,SDVGITWKSLQ-NH2,616.835319,2,Quad_3,Quad_3.mzML,18.62,19.39
PEP-INHCA-2,SDVGITWKSLQ-NH2,616.835319,2,Spleen_1,Spleen_1.mzML,18.62,19.39
PEP-INHCA-2,SDVGITWKSLQ-NH2,616.835319,2,Spleen_2,Spleen_2.mzML,18.62,19.39
PEP-INHCA-2,SDVGITWKSLQ-NH2,616.835319,2,Spleen_3,Spleen_3.mzML,18.62,19.39
PEP-INHCA-2,SDVGITWKSLQ-NH2,616.835319,2,iWAT_1,iWAT_1.mzML,18.62,19.39
PEP-INHCA-2,SDVGITWKSLQ-NH2,616.835319,2,iWAT_2,iWAT_2.mzML,18.62,19.39
PEP-INHCA-2,SDVGITWKSLQ-NH2,616.835319,2,iWAT_3,iWAT_3.mzML,18.62,19.39
PEP-INHCA-2,SDVGITWKSLQ-NH2,616.835319,2,plasma_1,plasma_1.mzML,18.62,19.39
PEP-INHCA-2,SDVGITWKSLQ-NH2,616.835319,2,plasma_2,plasma_2.mzML,18.62,19.39
PEP-INHCA-2,SDVGITWKSLQ-NH2,616.835319,2,plasma_3,plasma_3.mzML,18.62,19.39
PEP-ITIH3,FPRSPLQLL-NH2,535.329476,2,1uMStd6,1uMStd6.mzML,23.81,24.79
PEP-ITIH3,FPRSPLQLL-NH2,535.329476,2,BAT_1,BAT_1.mzML,23.81,24.79
PEP-ITIH3,FPRSPLQLL-NH2,535.329476,2,BAT_2,BAT_2.mzML,23.81,24.79
PEP-ITIH3,FPRSPLQLL-NH2,535.329476,2,BAT_3,BAT_3.mzML,23.81,24.79
PEP-ITIH3,FPRSPLQLL-NH2,535.329476,2,Brain_1,Brain_1.mzML,23.81,24.79
PEP-ITIH3,FPRSPLQLL-NH2,535.329476,2,Brain_2,Brain_2.mzML,23.81,24.79
PEP-ITIH3,FPRSPLQLL-NH2,535.329476,2,Brain_3,Brain_3.mzML,23.81,24.79
PEP-ITIH3,FPRSPLQLL-NH2,535.329476,2,Heart_1,Heart_1.mzML,23.81,24.79
PEP-ITIH3,FPRSPLQLL-NH2,535.329476,2,Heart_2,Heart_2.mzML,23.81,24.79
PEP-ITIH3,FPRSPLQLL-NH2,535.329476,2,Heart_3,Heart_3.mzML,23.81,24.79
PEP-ITIH3,FPRSPLQLL-NH2,535.329476,2,Ileum_1,Gut_1.mzML,23.81,24.79
PEP-ITIH3,FPRSPLQLL-NH2,535.329476,2,Ileum_2,Gut_2.mzML,23.81,24.79
PEP-ITIH3,FPRSPLQLL-NH2,535.329476,2,Ileum_3,Gut_3.mzML,23.81,24.79
PEP-ITIH3,FPRSPLQLL-NH2,535.329476,2,Kidney_1,Kidney_1.mzML,23.81,24.79
PEP-ITIH3,FPRSPLQLL-NH2,535.329476,2,Kidney_2,Kidney_2.mzML,23.81,24.79
PEP-ITIH3,FPRSPLQLL-NH2,535.329476,2,Kidney_3,Kidney_3.mzML,23.81,24.79
PEP-ITIH3,FPRSPLQLL-NH2,535.329476,2,Liver_1,Liver_1.mzML,23.81,24.79
PEP-ITIH3,FPRSPLQLL-NH2,535.329476,2,Liver_2,Liver_2.mzML,23.81,24.79
PEP-ITIH3,FPRSPLQLL-NH2,535.329476,2,Liver_3,Liver_3.mzML,23.81,24.79
PEP-ITIH3,FPRSPLQLL-NH2,535.329476,2,Lung_1,Lung_1.mzML,23.81,24.79
PEP-ITIH3,FPRSPLQLL-NH2,535.329476,2,Lung_2,Lung_2.mzML,23.81,24.79
PEP-ITIH3,FPRSPLQLL-NH2,535.329476,2,Lung_3,Lung_3.mzML,23.81,24.79
PEP-ITIH3,FPRSPLQLL-NH2,535.329476,2,Pancreas_1,Pancreas_1.mzML,23.81,24.79
PEP-ITIH3,FPRSPLQLL-NH2,535.329476,2,Pancreas_2,Pancreas_2.mzML,23.81,24.79
PEP-ITIH3,FPRSPLQLL-NH2,535.329476,2,Pancreas_3,Pancreas_3.mzML,23.81,24.79
PEP-ITIH3,FPRSPLQLL-NH2,535.329476,2,Quad_1,Quad_1.mzML,23.81,24.79
PEP-ITIH3,FPRSPLQLL-NH2,535.329476,2,Quad_2,Quad_2.mzML,23.81,24.79
PEP-ITIH3,FPRSPLQLL-NH2,535.329476,2,Quad_3,Quad_3.mzML,23.81,24.79
PEP-ITIH3,FPRSPLQLL-NH2,535.329476,2,Spleen_1,Spleen_1.mzML,23.81,24.79
PEP-ITIH3,FPRSPLQLL-NH2,535.329476,2,Spleen_2,Spleen_2.mzML,23.81,24.79
PEP-ITIH3,FPRSPLQLL-NH2,535.329476,2,Spleen_3,Spleen_3.mzML,23.81,24.79
PEP-ITIH3,FPRSPLQLL-NH2,535.329476,2,iWAT_1,iWAT_1.mzML,23.81,24.79
PEP-ITIH3,FPRSPLQLL-NH2,535.329476,2,iWAT_2,iWAT_2.mzML,23.81,24.79
PEP-ITIH3,FPRSPLQLL-NH2,535.329476,2,iWAT_3,iWAT_3.mzML,23.81,24.79
PEP-ITIH3,FPRSPLQLL-NH2,535.329476,2,plasma_1,plasma_1.mzML,23.81,24.79
PEP-ITIH3,FPRSPLQLL-NH2,535.329476,2,plasma_2,plasma_2.mzML,23.81,24.79
PEP-ITIH3,FPRSPLQLL-NH2,535.329476,2,plasma_3,plasma_3.mzML,23.81,24.79
PEP-ITIH3-2,SGFPRSPLQLL-NH2,607.356222,2,1uMStd6,1uMStd6.mzML,24.47,25.25
PEP-ITIH3-2,SGFPRSPLQLL-NH2,607.356222,2,BAT_1,BAT_1.mzML,24.47,25.25
PEP-ITIH3-2,SGFPRSPLQLL-NH2,607.356222,2,BAT_2,BAT_2.mzML,24.47,25.25
PEP-ITIH3-2,SGFPRSPLQLL-NH2,607.356222,2,BAT_3,BAT_3.mzML,24.47,25.25
PEP-ITIH3-2,SGFPRSPLQLL-NH2,607.356222,2,Brain_1,Brain_1.mzML,24.47,25.25
PEP-ITIH3-2,SGFPRSPLQLL-NH2,607.356222,2,Brain_2,Brain_2.mzML,24.47,25.25
PEP-ITIH3-2,SGFPRSPLQLL-NH2,607.356222,2,Brain_3,Brain_3.mzML,24.47,25.25
PEP-ITIH3-2,SGFPRSPLQLL-NH2,607.356222,2,Heart_1,Heart_1.mzML,24.47,25.25
PEP-ITIH3-2,SGFPRSPLQLL-NH2,607.356222,2,Heart_2,Heart_2.mzML,24.47,25.25
PEP-ITIH3-2,SGFPRSPLQLL-NH2,607.356222,2,Heart_3,Heart_3.mzML,24.47,25.25
PEP-ITIH3-2,SGFPRSPLQLL-NH2,607.356222,2,Ileum_1,Gut_1.mzML,24.47,25.25
PEP-ITIH3-2,SGFPRSPLQLL-NH2,607.356222,2,Ileum_2,Gut_2.mzML,24.47,25.25
PEP-ITIH3-2,SGFPRSPLQLL-NH2,607.356222,2,Ileum_3,Gut_3.mzML,24.47,25.25
PEP-ITIH3-2,SGFPRSPLQLL-NH2,607.356222,2,Kidney_1,Kidney_1.mzML,24.47,25.25
PEP-ITIH3-2,SGFPRSPLQLL-NH2,607.356222,2,Kidney_2,Kidney_2.mzML,24.47,25.25
PEP-ITIH3-2,SGFPRSPLQLL-NH2,607.356222,2,Kidney_3,Kidney_3.mzML,24.47,25.25
PEP-ITIH3-2,SGFPRSPLQLL-NH2,607.356222,2,Liver_1,Liver_1.mzML,24.47,25.25
PEP-ITIH3-2,SGFPRSPLQLL-NH2,607.356222,2,Liver_2,Liver_2.mzML,24.47,25.25
PEP-ITIH3-2,SGFPRSPLQLL-NH2,607.356222,2,Liver_3,Liver_3.mzML,24.47,25.25
PEP-ITIH3-2,SGFPRSPLQLL-NH2,607.356222,2,Lung_1,Lung_1.mzML,24.47,25.25
PEP-ITIH3-2,SGFPRSPLQLL-NH2,607.356222,2,Lung_2,Lung_2.mzML,24.47,25.25
PEP-ITIH3-2,SGFPRSPLQLL-NH2,607.356222,2,Lung_3,Lung_3.mzML,24.47,25.25
PEP-ITIH3-2,SGFPRSPLQLL-NH2,607.356222,2,Pancreas_1,Pancreas_1.mzML,24.47,25.25
PEP-ITIH3-2,SGFPRSPLQLL-NH2,607.356222,2,Pancreas_2,Pancreas_2.mzML,24.47,25.25
PEP-ITIH3-2,SGFPRSPLQLL-NH2,607.356222,2,Pancreas_3,Pancreas_3.mzML,24.47,25.25
PEP-ITIH3-2,SGFPRSPLQLL-NH2,607.356222,2,Quad_1,Quad_1.mzML,24.47,25.25
PEP-ITIH3-2,SGFPRSPLQLL-NH2,607.356222,2,Quad_2,Quad_2.mzML,24.47,25.25
PEP-ITIH3-2,SGFPRSPLQLL-NH2,607.356222,2,Quad_3,Quad_3.mzML,24.47,25.25
PEP-ITIH3-2,SGFPRSPLQLL-NH2,607.356222,2,Spleen_1,Spleen_1.mzML,24.47,25.25
PEP-ITIH3-2,SGFPRSPLQLL-NH2,607.356222,2,Spleen_2,Spleen_2.mzML,24.47,25.25
PEP-ITIH3-2,SGFPRSPLQLL-NH2,607.356222,2,Spleen_3,Spleen_3.mzML,24.47,25.25
PEP-ITIH3-2,SGFPRSPLQLL-NH2,607.356222,2,iWAT_1,iWAT_1.mzML,24.47,25.25
PEP-ITIH3-2,SGFPRSPLQLL-NH2,607.356222,2,iWAT_2,iWAT_2.mzML,24.47,25.25
PEP-ITIH3-2,SGFPRSPLQLL-NH2,607.356222,2,iWAT_3,iWAT_3.mzML,24.47,25.25
PEP-ITIH3-2,SGFPRSPLQLL-NH2,607.356222,2,plasma_1,plasma_1.mzML,24.47,25.25
PEP-ITIH3-2,SGFPRSPLQLL-NH2,607.356222,2,plasma_2,plasma_2.mzML,24.47,25.25
PEP-ITIH3-2,SGFPRSPLQLL-NH2,607.356222,2,plasma_3,plasma_3.mzML,24.47,25.25
PEP-LIPF,NSENI-NH2,575.278365,1,1uMStd6,1uMStd6.mzML,15.54,16.55
PEP-LIPF,NSENI-NH2,575.278365,1,BAT_1,BAT_1.mzML,15.54,16.55
PEP-LIPF,NSENI-NH2,575.278365,1,BAT_2,BAT_2.mzML,15.54,16.55
PEP-LIPF,NSENI-NH2,575.278365,1,BAT_3,BAT_3.mzML,15.54,16.55
PEP-LIPF,NSENI-NH2,575.278365,1,Brain_1,Brain_1.mzML,15.54,16.55
PEP-LIPF,NSENI-NH2,575.278365,1,Brain_2,Brain_2.mzML,15.54,16.55
PEP-LIPF,NSENI-NH2,575.278365,1,Brain_3,Brain_3.mzML,15.54,16.55
PEP-LIPF,NSENI-NH2,575.278365,1,Heart_1,Heart_1.mzML,15.54,16.55
PEP-LIPF,NSENI-NH2,575.278365,1,Heart_2,Heart_2.mzML,15.54,16.55
PEP-LIPF,NSENI-NH2,575.278365,1,Heart_3,Heart_3.mzML,15.54,16.55
PEP-LIPF,NSENI-NH2,575.278365,1,Ileum_1,Gut_1.mzML,15.54,16.55
PEP-LIPF,NSENI-NH2,575.278365,1,Ileum_2,Gut_2.mzML,15.54,16.55
PEP-LIPF,NSENI-NH2,575.278365,1,Ileum_3,Gut_3.mzML,15.54,16.55
PEP-LIPF,NSENI-NH2,575.278365,1,Kidney_1,Kidney_1.mzML,15.54,16.55
PEP-LIPF,NSENI-NH2,575.278365,1,Kidney_2,Kidney_2.mzML,15.54,16.55
PEP-LIPF,NSENI-NH2,575.278365,1,Kidney_3,Kidney_3.mzML,15.54,16.55
PEP-LIPF,NSENI-NH2,575.278365,1,Liver_1,Liver_1.mzML,15.54,16.55
PEP-LIPF,NSENI-NH2,575.278365,1,Liver_2,Liver_2.mzML,15.54,16.55
PEP-LIPF,NSENI-NH2,575.278365,1,Liver_3,Liver_3.mzML,15.54,16.55
PEP-LIPF,NSENI-NH2,575.278365,1,Lung_1,Lung_1.mzML,15.54,16.55
PEP-LIPF,NSENI-NH2,575.278365,1,Lung_2,Lung_2.mzML,15.54,16.55
PEP-LIPF,NSENI-NH2,575.278365,1,Lung_3,Lung_3.mzML,15.54,16.55
PEP-LIPF,NSENI-NH2,575.278365,1,Pancreas_1,Pancreas_1.mzML,15.54,16.55
PEP-LIPF,NSENI-NH2,575.278365,1,Pancreas_2,Pancreas_2.mzML,15.54,16.55
PEP-LIPF,NSENI-NH2,575.278365,1,Pancreas_3,Pancreas_3.mzML,15.54,16.55
PEP-LIPF,NSENI-NH2,575.278365,1,Quad_1,Quad_1.mzML,15.54,16.55
PEP-LIPF,NSENI-NH2,575.278365,1,Quad_2,Quad_2.mzML,15.54,16.55
PEP-LIPF,NSENI-NH2,575.278365,1,Quad_3,Quad_3.mzML,15.54,16.55
PEP-LIPF,NSENI-NH2,575.278365,1,Spleen_1,Spleen_1.mzML,15.54,16.55
PEP-LIPF,NSENI-NH2,575.278365,1,Spleen_2,Spleen_2.mzML,15.54,16.55
PEP-LIPF,NSENI-NH2,575.278365,1,Spleen_3,Spleen_3.mzML,15.54,16.55
PEP-LIPF,NSENI-NH2,575.278365,1,iWAT_1,iWAT_1.mzML,15.54,16.55
PEP-LIPF,NSENI-NH2,575.278365,1,iWAT_2,iWAT_2.mzML,15.54,16.55
PEP-LIPF,NSENI-NH2,575.278365,1,iWAT_3,iWAT_3.mzML,15.54,16.55
PEP-LIPF,NSENI-NH2,575.278365,1,plasma_1,plasma_1.mzML,15.54,16.55
PEP-LIPF,NSENI-NH2,575.278365,1,plasma_2,plasma_2.mzML,15.54,16.55
PEP-LIPF,NSENI-NH2,575.278365,1,plasma_3,plasma_3.mzML,15.54,16.55
PEP-LTBP4,PSPPRQGPVSS-NH2,554.298904,2,1uMStd6,1uMStd6.mzML,0.99,8.41
PEP-LTBP4,PSPPRQGPVSS-NH2,554.298904,2,BAT_1,BAT_1.mzML,0.99,8.41
PEP-LTBP4,PSPPRQGPVSS-NH2,554.298904,2,BAT_2,BAT_2.mzML,0.99,8.41
PEP-LTBP4,PSPPRQGPVSS-NH2,554.298904,2,BAT_3,BAT_3.mzML,0.99,8.41
PEP-LTBP4,PSPPRQGPVSS-NH2,554.298904,2,Brain_1,Brain_1.mzML,0.99,8.41
PEP-LTBP4,PSPPRQGPVSS-NH2,554.298904,2,Brain_2,Brain_2.mzML,0.99,8.41
PEP-LTBP4,PSPPRQGPVSS-NH2,554.298904,2,Brain_3,Brain_3.mzML,0.99,8.41
PEP-LTBP4,PSPPRQGPVSS-NH2,554.298904,2,Heart_1,Heart_1.mzML,0.99,8.41
PEP-LTBP4,PSPPRQGPVSS-NH2,554.298904,2,Heart_2,Heart_2.mzML,0.99,8.41
PEP-LTBP4,PSPPRQGPVSS-NH2,554.298904,2,Heart_3,Heart_3.mzML,0.99,8.41
PEP-LTBP4,PSPPRQGPVSS-NH2,554.298904,2,Ileum_1,Gut_1.mzML,0.99,8.41
PEP-LTBP4,PSPPRQGPVSS-NH2,554.298904,2,Ileum_2,Gut_2.mzML,0.99,8.41
PEP-LTBP4,PSPPRQGPVSS-NH2,554.298904,2,Ileum_3,Gut_3.mzML,0.99,8.41
PEP-LTBP4,PSPPRQGPVSS-NH2,554.298904,2,Kidney_1,Kidney_1.mzML,0.99,8.41
PEP-LTBP4,PSPPRQGPVSS-NH2,554.298904,2,Kidney_2,Kidney_2.mzML,0.99,8.41
PEP-LTBP4,PSPPRQGPVSS-NH2,554.298904,2,Kidney_3,Kidney_3.mzML,0.99,8.41
PEP-LTBP4,PSPPRQGPVSS-NH2,554.298904,2,Liver_1,Liver_1.mzML,0.99,8.41
PEP-LTBP4,PSPPRQGPVSS-NH2,554.298904,2,Liver_2,Liver_2.mzML,0.99,8.41
PEP-LTBP4,PSPPRQGPVSS-NH2,554.298904,2,Liver_3,Liver_3.mzML,0.99,8.41
PEP-LTBP4,PSPPRQGPVSS-NH2,554.298904,2,Lung_1,Lung_1.mzML,0.99,8.41
PEP-LTBP4,PSPPRQGPVSS-NH2,554.298904,2,Lung_2,Lung_2.mzML,0.99,8.41
PEP-LTBP4,PSPPRQGPVSS-NH2,554.298904,2,Lung_3,Lung_3.mzML,0.99,8.41
PEP-LTBP4,PSPPRQGPVSS-NH2,554.298904,2,Pancreas_1,Pancreas_1.mzML,0.99,8.41
PEP-LTBP4,PSPPRQGPVSS-NH2,554.298904,2,Pancreas_2,Pancreas_2.mzML,0.99,8.41
PEP-LTBP4,PSPPRQGPVSS-NH2,554.298904,2,Pancreas_3,Pancreas_3.mzML,0.99,8.41
PEP-LTBP4,PSPPRQGPVSS-NH2,554.298904,2,Quad_1,Quad_1.mzML,0.99,8.41
PEP-LTBP4,PSPPRQGPVSS-NH2,554.298904,2,Quad_2,Quad_2.mzML,0.99,8.41
PEP-LTBP4,PSPPRQGPVSS-NH2,554.298904,2,Quad_3,Quad_3.mzML,0.99,8.41
PEP-LTBP4,PSPPRQGPVSS-NH2,554.298904,2,Spleen_1,Spleen_1.mzML,0.99,8.41
PEP-LTBP4,PSPPRQGPVSS-NH2,554.298904,2,Spleen_2,Spleen_2.mzML,0.99,8.41
PEP-LTBP4,PSPPRQGPVSS-NH2,554.298904,2,Spleen_3,Spleen_3.mzML,0.99,8.41
PEP-LTBP4,PSPPRQGPVSS-NH2,554.298904,2,iWAT_1,iWAT_1.mzML,0.99,8.41
PEP-LTBP4,PSPPRQGPVSS-NH2,554.298904,2,iWAT_2,iWAT_2.mzML,0.99,8.41
PEP-LTBP4,PSPPRQGPVSS-NH2,554.298904,2,iWAT_3,iWAT_3.mzML,0.99,8.41
PEP-LTBP4,PSPPRQGPVSS-NH2,554.298904,2,plasma_1,plasma_1.mzML,0.99,8.41
PEP-LTBP4,PSPPRQGPVSS-NH2,554.298904,2,plasma_2,plasma_2.mzML,0.99,8.41
PEP-LTBP4,PSPPRQGPVSS-NH2,554.298904,2,plasma_3,plasma_3.mzML,0.99,8.41
PEP-LUZP2,IQAQLKELRY-NH2,420.918944,3,1uMStd6,1uMStd6.mzML,13.63,14.27
PEP-LUZP2,IQAQLKELRY-NH2,420.918944,3,BAT_1,BAT_1.mzML,13.63,14.27
PEP-LUZP2,IQAQLKELRY-NH2,420.918944,3,BAT_2,BAT_2.mzML,13.63,14.27
PEP-LUZP2,IQAQLKELRY-NH2,420.918944,3,BAT_3,BAT_3.mzML,13.63,14.27
PEP-LUZP2,IQAQLKELRY-NH2,420.918944,3,Brain_1,Brain_1.mzML,13.63,14.27
PEP-LUZP2,IQAQLKELRY-NH2,420.918944,3,Brain_2,Brain_2.mzML,13.63,14.27
PEP-LUZP2,IQAQLKELRY-NH2,420.918944,3,Brain_3,Brain_3.mzML,13.63,14.27
PEP-LUZP2,IQAQLKELRY-NH2,420.918944,3,Heart_1,Heart_1.mzML,13.63,14.27
PEP-LUZP2,IQAQLKELRY-NH2,420.918944,3,Heart_2,Heart_2.mzML,13.63,14.27
PEP-LUZP2,IQAQLKELRY-NH2,420.918944,3,Heart_3,Heart_3.mzML,13.63,14.27
PEP-LUZP2,IQAQLKELRY-NH2,420.918944,3,Ileum_1,Gut_1.mzML,13.63,14.27
PEP-LUZP2,IQAQLKELRY-NH2,420.918944,3,Ileum_2,Gut_2.mzML,13.63,14.27
PEP-LUZP2,IQAQLKELRY-NH2,420.918944,3,Ileum_3,Gut_3.mzML,13.63,14.27
PEP-LUZP2,IQAQLKELRY-NH2,420.918944,3,Kidney_1,Kidney_1.mzML,13.63,14.27
PEP-LUZP2,IQAQLKELRY-NH2,420.918944,3,Kidney_2,Kidney_2.mzML,13.63,14.27
PEP-LUZP2,IQAQLKELRY-NH2,420.918944,3,Kidney_3,Kidney_3.mzML,13.63,14.27
PEP-LUZP2,IQAQLKELRY-NH2,420.918944,3,Liver_1,Liver_1.mzML,13.63,14.27
PEP-LUZP2,IQAQLKELRY-NH2,420.918944,3,Liver_2,Liver_2.mzML,13.63,14.27
PEP-LUZP2,IQAQLKELRY-NH2,420.918944,3,Liver_3,Liver_3.mzML,13.63,14.27
PEP-LUZP2,IQAQLKELRY-NH2,420.918944,3,Lung_1,Lung_1.mzML,13.63,14.27
PEP-LUZP2,IQAQLKELRY-NH2,420.918944,3,Lung_2,Lung_2.mzML,13.63,14.27
PEP-LUZP2,IQAQLKELRY-NH2,420.918944,3,Lung_3,Lung_3.mzML,13.63,14.27
PEP-LUZP2,IQAQLKELRY-NH2,420.918944,3,Pancreas_1,Pancreas_1.mzML,13.63,14.27
PEP-LUZP2,IQAQLKELRY-NH2,420.918944,3,Pancreas_2,Pancreas_2.mzML,13.63,14.27
PEP-LUZP2,IQAQLKELRY-NH2,420.918944,3,Pancreas_3,Pancreas_3.mzML,13.63,14.27
PEP-LUZP2,IQAQLKELRY-NH2,420.918944,3,Quad_1,Quad_1.mzML,13.63,14.27
PEP-LUZP2,IQAQLKELRY-NH2,420.918944,3,Quad_2,Quad_2.mzML,13.63,14.27
PEP-LUZP2,IQAQLKELRY-NH2,420.918944,3,Quad_3,Quad_3.mzML,13.63,14.27
PEP-LUZP2,IQAQLKELRY-NH2,420.918944,3,Spleen_1,Spleen_1.mzML,13.63,14.27
PEP-LUZP2,IQAQLKELRY-NH2,420.918944,3,Spleen_2,Spleen_2.mzML,13.63,14.27
PEP-LUZP2,IQAQLKELRY-NH2,420.918944,3,Spleen_3,Spleen_3.mzML,13.63,14.27
PEP-LUZP2,IQAQLKELRY-NH2,420.918944,3,iWAT_1,iWAT_1.mzML,13.63,14.27
PEP-LUZP2,IQAQLKELRY-NH2,420.918944,3,iWAT_2,iWAT_2.mzML,13.63,14.27
PEP-LUZP2,IQAQLKELRY-NH2,420.918944,3,iWAT_3,iWAT_3.mzML,13.63,14.27
PEP-LUZP2,IQAQLKELRY-NH2,420.918944,3,plasma_1,plasma_1.mzML,13.63,14.27
PEP-LUZP2,IQAQLKELRY-NH2,420.918944,3,plasma_2,plasma_2.mzML,13.63,14.27
PEP-LUZP2,IQAQLKELRY-NH2,420.918944,3,plasma_3,plasma_3.mzML,13.63,14.27
PEP-MUC2,SSPRFL-NH2,353.205755,2,1uMStd6,1uMStd6.mzML,11.49,12.29
PEP-MUC2,SSPRFL-NH2,353.205755,2,BAT_1,BAT_1.mzML,11.49,12.29
PEP-MUC2,SSPRFL-NH2,353.205755,2,BAT_2,BAT_2.mzML,11.49,12.29
PEP-MUC2,SSPRFL-NH2,353.205755,2,BAT_3,BAT_3.mzML,11.49,12.29
PEP-MUC2,SSPRFL-NH2,353.205755,2,Brain_1,Brain_1.mzML,11.49,12.29
PEP-MUC2,SSPRFL-NH2,353.205755,2,Brain_2,Brain_2.mzML,11.49,12.29
PEP-MUC2,SSPRFL-NH2,353.205755,2,Brain_3,Brain_3.mzML,11.49,12.29
PEP-MUC2,SSPRFL-NH2,353.205755,2,Heart_1,Heart_1.mzML,11.49,12.29
PEP-MUC2,SSPRFL-NH2,353.205755,2,Heart_2,Heart_2.mzML,11.49,12.29
PEP-MUC2,SSPRFL-NH2,353.205755,2,Heart_3,Heart_3.mzML,11.49,12.29
PEP-MUC2,SSPRFL-NH2,353.205755,2,Ileum_1,Gut_1.mzML,11.49,12.29
PEP-MUC2,SSPRFL-NH2,353.205755,2,Ileum_2,Gut_2.mzML,11.49,12.29
PEP-MUC2,SSPRFL-NH2,353.205755,2,Ileum_3,Gut_3.mzML,11.49,12.29
PEP-MUC2,SSPRFL-NH2,353.205755,2,Kidney_1,Kidney_1.mzML,11.49,12.29
PEP-MUC2,SSPRFL-NH2,353.205755,2,Kidney_2,Kidney_2.mzML,11.49,12.29
PEP-MUC2,SSPRFL-NH2,353.205755,2,Kidney_3,Kidney_3.mzML,11.49,12.29
PEP-MUC2,SSPRFL-NH2,353.205755,2,Liver_1,Liver_1.mzML,11.49,12.29
PEP-MUC2,SSPRFL-NH2,353.205755,2,Liver_2,Liver_2.mzML,11.49,12.29
PEP-MUC2,SSPRFL-NH2,353.205755,2,Liver_3,Liver_3.mzML,11.49,12.29
PEP-MUC2,SSPRFL-NH2,353.205755,2,Lung_1,Lung_1.mzML,11.49,12.29
PEP-MUC2,SSPRFL-NH2,353.205755,2,Lung_2,Lung_2.mzML,11.49,12.29
PEP-MUC2,SSPRFL-NH2,353.205755,2,Lung_3,Lung_3.mzML,11.49,12.29
PEP-MUC2,SSPRFL-NH2,353.205755,2,Pancreas_1,Pancreas_1.mzML,11.49,12.29
PEP-MUC2,SSPRFL-NH2,353.205755,2,Pancreas_2,Pancreas_2.mzML,11.49,12.29
PEP-MUC2,SSPRFL-NH2,353.205755,2,Pancreas_3,Pancreas_3.mzML,11.49,12.29
PEP-MUC2,SSPRFL-NH2,353.205755,2,Quad_1,Quad_1.mzML,11.49,12.29
PEP-MUC2,SSPRFL-NH2,353.205755,2,Quad_2,Quad_2.mzML,11.49,12.29
PEP-MUC2,SSPRFL-NH2,353.205755,2,Quad_3,Quad_3.mzML,11.49,12.29
PEP-MUC2,SSPRFL-NH2,353.205755,2,Spleen_1,Spleen_1.mzML,11.49,12.29
PEP-MUC2,SSPRFL-NH2,353.205755,2,Spleen_2,Spleen_2.mzML,11.49,12.29
PEP-MUC2,SSPRFL-NH2,353.205755,2,Spleen_3,Spleen_3.mzML,11.49,12.29
PEP-MUC2,SSPRFL-NH2,353.205755,2,iWAT_1,iWAT_1.mzML,11.49,12.29
PEP-MUC2,SSPRFL-NH2,353.205755,2,iWAT_2,iWAT_2.mzML,11.49,12.29
PEP-MUC2,SSPRFL-NH2,353.205755,2,iWAT_3,iWAT_3.mzML,11.49,12.29
PEP-MUC2,SSPRFL-NH2,353.205755,2,plasma_1,plasma_1.mzML,11.49,12.29
PEP-MUC2,SSPRFL-NH2,353.205755,2,plasma_2,plasma_2.mzML,11.49,12.29
PEP-MUC2,SSPRFL-NH2,353.205755,2,plasma_3,plasma_3.mzML,11.49,12.29
PEP-NID2,LEC*TLPDGT-NH2,502.739499,2,1uMStd6,1uMStd6.mzML,13.56,14.4
PEP-NID2,LEC*TLPDGT-NH2,502.739499,2,BAT_1,BAT_1.mzML,13.56,14.4
PEP-NID2,LEC*TLPDGT-NH2,502.739499,2,BAT_2,BAT_2.mzML,13.56,14.4
PEP-NID2,LEC*TLPDGT-NH2,502.739499,2,BAT_3,BAT_3.mzML,13.56,14.4
PEP-NID2,LEC*TLPDGT-NH2,502.739499,2,Brain_1,Brain_1.mzML,13.56,14.4
PEP-NID2,LEC*TLPDGT-NH2,502.739499,2,Brain_2,Brain_2.mzML,13.56,14.4
PEP-NID2,LEC*TLPDGT-NH2,502.739499,2,Brain_3,Brain_3.mzML,13.56,14.4
PEP-NID2,LEC*TLPDGT-NH2,502.739499,2,Heart_1,Heart_1.mzML,13.56,14.4
PEP-NID2,LEC*TLPDGT-NH2,502.739499,2,Heart_2,Heart_2.mzML,13.56,14.4
PEP-NID2,LEC*TLPDGT-NH2,502.739499,2,Heart_3,Heart_3.mzML,13.56,14.4
PEP-NID2,LEC*TLPDGT-NH2,502.739499,2,Ileum_1,Gut_1.mzML,13.56,14.4
PEP-NID2,LEC*TLPDGT-NH2,502.739499,2,Ileum_2,Gut_2.mzML,13.56,14.4
PEP-NID2,LEC*TLPDGT-NH2,502.739499,2,Ileum_3,Gut_3.mzML,13.56,14.4
PEP-NID2,LEC*TLPDGT-NH2,502.739499,2,Kidney_1,Kidney_1.mzML,13.56,14.4
PEP-NID2,LEC*TLPDGT-NH2,502.739499,2,Kidney_2,Kidney_2.mzML,13.56,14.4
PEP-NID2,LEC*TLPDGT-NH2,502.739499,2,Kidney_3,Kidney_3.mzML,13.56,14.4
PEP-NID2,LEC*TLPDGT-NH2,502.739499,2,Liver_1,Liver_1.mzML,13.56,14.4
PEP-NID2,LEC*TLPDGT-NH2,502.739499,2,Liver_2,Liver_2.mzML,13.56,14.4
PEP-NID2,LEC*TLPDGT-NH2,502.739499,2,Liver_3,Liver_3.mzML,13.56,14.4
PEP-NID2,LEC*TLPDGT-NH2,502.739499,2,Lung_1,Lung_1.mzML,13.56,14.4
PEP-NID2,LEC*TLPDGT-NH2,502.739499,2,Lung_2,Lung_2.mzML,13.56,14.4
PEP-NID2,LEC*TLPDGT-NH2,502.739499,2,Lung_3,Lung_3.mzML,13.56,14.4
PEP-NID2,LEC*TLPDGT-NH2,502.739499,2,Pancreas_1,Pancreas_1.mzML,13.56,14.4
PEP-NID2,LEC*TLPDGT-NH2,502.739499,2,Pancreas_2,Pancreas_2.mzML,13.56,14.4
PEP-NID2,LEC*TLPDGT-NH2,502.739499,2,Pancreas_3,Pancreas_3.mzML,13.56,14.4
PEP-NID2,LEC*TLPDGT-NH2,502.739499,2,Quad_1,Quad_1.mzML,13.56,14.4
PEP-NID2,LEC*TLPDGT-NH2,502.739499,2,Quad_2,Quad_2.mzML,13.56,14.4
PEP-NID2,LEC*TLPDGT-NH2,502.739499,2,Quad_3,Quad_3.mzML,13.56,14.4
PEP-NID2,LEC*TLPDGT-NH2,502.739499,2,Spleen_1,Spleen_1.mzML,13.56,14.4
PEP-NID2,LEC*TLPDGT-NH2,502.739499,2,Spleen_2,Spleen_2.mzML,13.56,14.4
PEP-NID2,LEC*TLPDGT-NH2,502.739499,2,Spleen_3,Spleen_3.mzML,13.56,14.4
PEP-NID2,LEC*TLPDGT-NH2,502.739499,2,iWAT_1,iWAT_1.mzML,13.56,14.4
PEP-NID2,LEC*TLPDGT-NH2,502.739499,2,iWAT_2,iWAT_2.mzML,13.56,14.4
PEP-NID2,LEC*TLPDGT-NH2,502.739499,2,iWAT_3,iWAT_3.mzML,13.56,14.4
PEP-NID2,LEC*TLPDGT-NH2,502.739499,2,plasma_1,plasma_1.mzML,13.56,14.4
PEP-NID2,LEC*TLPDGT-NH2,502.739499,2,plasma_2,plasma_2.mzML,13.56,14.4
PEP-NID2,LEC*TLPDGT-NH2,502.739499,2,plasma_3,plasma_3.mzML,13.56,14.4
PEP-PBSN,GTKC*QLYKVI-NH2,604.844633,2,1uMStd6,1uMStd6.mzML,12.46,13.76
PEP-PBSN,GTKC*QLYKVI-NH2,604.844633,2,BAT_1,BAT_1.mzML,12.46,13.76
PEP-PBSN,GTKC*QLYKVI-NH2,604.844633,2,BAT_2,BAT_2.mzML,12.46,13.76
PEP-PBSN,GTKC*QLYKVI-NH2,604.844633,2,BAT_3,BAT_3.mzML,12.46,13.76
PEP-PBSN,GTKC*QLYKVI-NH2,604.844633,2,Brain_1,Brain_1.mzML,12.46,13.76
PEP-PBSN,GTKC*QLYKVI-NH2,604.844633,2,Brain_2,Brain_2.mzML,12.46,13.76
PEP-PBSN,GTKC*QLYKVI-NH2,604.844633,2,Brain_3,Brain_3.mzML,12.46,13.76
PEP-PBSN,GTKC*QLYKVI-NH2,604.844633,2,Heart_1,Heart_1.mzML,12.46,13.76
PEP-PBSN,GTKC*QLYKVI-NH2,604.844633,2,Heart_2,Heart_2.mzML,12.46,13.76
PEP-PBSN,GTKC*QLYKVI-NH2,604.844633,2,Heart_3,Heart_3.mzML,12.46,13.76
PEP-PBSN,GTKC*QLYKVI-NH2,604.844633,2,Ileum_1,Gut_1.mzML,12.46,13.76
PEP-PBSN,GTKC*QLYKVI-NH2,604.844633,2,Ileum_2,Gut_2.mzML,12.46,13.76
PEP-PBSN,GTKC*QLYKVI-NH2,604.844633,2,Ileum_3,Gut_3.mzML,12.46,13.76
PEP-PBSN,GTKC*QLYKVI-NH2,604.844633,2,Kidney_1,Kidney_1.mzML,12.46,13.76
PEP-PBSN,GTKC*QLYKVI-NH2,604.844633,2,Kidney_2,Kidney_2.mzML,12.46,13.76
PEP-PBSN,GTKC*QLYKVI-NH2,604.844633,2,Kidney_3,Kidney_3.mzML,12.46,13.76
PEP-PBSN,GTKC*QLYKVI-NH2,604.844633,2,Liver_1,Liver_1.mzML,12.46,13.76
PEP-PBSN,GTKC*QLYKVI-NH2,604.844633,2,Liver_2,Liver_2.mzML,12.46,13.76
PEP-PBSN,GTKC*QLYKVI-NH2,604.844633,2,Liver_3,Liver_3.mzML,12.46,13.76
PEP-PBSN,GTKC*QLYKVI-NH2,604.844633,2,Lung_1,Lung_1.mzML,12.46,13.76
PEP-PBSN,GTKC*QLYKVI-NH2,604.844633,2,Lung_2,Lung_2.mzML,12.46,13.76
PEP-PBSN,GTKC*QLYKVI-NH2,604.844633,2,Lung_3,Lung_3.mzML,12.46,13.76
PEP-PBSN,GTKC*QLYKVI-NH2,604.844633,2,Pancreas_1,Pancreas_1.mzML,12.46,13.76
PEP-PBSN,GTKC*QLYKVI-NH2,604.844633,2,Pancreas_2,Pancreas_2.mzML,12.46,13.76
PEP-PBSN,GTKC*QLYKVI-NH2,604.844633,2,Pancreas_3,Pancreas_3.mzML,12.46,13.76
PEP-PBSN,GTKC*QLYKVI-NH2,604.844633,2,Quad_1,Quad_1.mzML,12.46,13.76
PEP-PBSN,GTKC*QLYKVI-NH2,604.844633,2,Quad_2,Quad_2.mzML,12.46,13.76
PEP-PBSN,GTKC*QLYKVI-NH2,604.844633,2,Quad_3,Quad_3.mzML,12.46,13.76
PEP-PBSN,GTKC*QLYKVI-NH2,604.844633,2,Spleen_1,Spleen_1.mzML,12.46,13.76
PEP-PBSN,GTKC*QLYKVI-NH2,604.844633,2,Spleen_2,Spleen_2.mzML,12.46,13.76
PEP-PBSN,GTKC*QLYKVI-NH2,604.844633,2,Spleen_3,Spleen_3.mzML,12.46,13.76
PEP-PBSN,GTKC*QLYKVI-NH2,604.844633,2,iWAT_1,iWAT_1.mzML,12.46,13.76
PEP-PBSN,GTKC*QLYKVI-NH2,604.844633,2,iWAT_2,iWAT_2.mzML,12.46,13.76
PEP-PBSN,GTKC*QLYKVI-NH2,604.844633,2,iWAT_3,iWAT_3.mzML,12.46,13.76
PEP-PBSN,GTKC*QLYKVI-NH2,604.844633,2,plasma_1,plasma_1.mzML,12.46,13.76
PEP-PBSN,GTKC*QLYKVI-NH2,604.844633,2,plasma_2,plasma_2.mzML,12.46,13.76
PEP-PBSN,GTKC*QLYKVI-NH2,604.844633,2,plasma_3,plasma_3.mzML,12.46,13.76
PEP-PLA2G2A,NIAQFGEMIWLKT-NH2,775.413411,2,1uMStd6,1uMStd6.mzML,26.54,26.97
PEP-PLA2G2A,NIAQFGEMIWLKT-NH2,775.413411,2,BAT_1,BAT_1.mzML,26.54,26.97
PEP-PLA2G2A,NIAQFGEMIWLKT-NH2,775.413411,2,BAT_2,BAT_2.mzML,26.54,26.97
PEP-PLA2G2A,NIAQFGEMIWLKT-NH2,775.413411,2,BAT_3,BAT_3.mzML,26.54,26.97
PEP-PLA2G2A,NIAQFGEMIWLKT-NH2,775.413411,2,Brain_1,Brain_1.mzML,26.54,26.97
PEP-PLA2G2A,NIAQFGEMIWLKT-NH2,775.413411,2,Brain_2,Brain_2.mzML,26.54,26.97
PEP-PLA2G2A,NIAQFGEMIWLKT-NH2,775.413411,2,Brain_3,Brain_3.mzML,26.54,26.97
PEP-PLA2G2A,NIAQFGEMIWLKT-NH2,775.413411,2,Heart_1,Heart_1.mzML,26.54,26.97
PEP-PLA2G2A,NIAQFGEMIWLKT-NH2,775.413411,2,Heart_2,Heart_2.mzML,26.54,26.97
PEP-PLA2G2A,NIAQFGEMIWLKT-NH2,775.413411,2,Heart_3,Heart_3.mzML,26.54,26.97
PEP-PLA2G2A,NIAQFGEMIWLKT-NH2,775.413411,2,Ileum_1,Gut_1.mzML,26.54,26.97
PEP-PLA2G2A,NIAQFGEMIWLKT-NH2,775.413411,2,Ileum_2,Gut_2.mzML,26.54,26.97
PEP-PLA2G2A,NIAQFGEMIWLKT-NH2,775.413411,2,Ileum_3,Gut_3.mzML,26.54,26.97
PEP-PLA2G2A,NIAQFGEMIWLKT-NH2,775.413411,2,Kidney_1,Kidney_1.mzML,26.54,26.97
PEP-PLA2G2A,NIAQFGEMIWLKT-NH2,775.413411,2,Kidney_2,Kidney_2.mzML,26.54,26.97
PEP-PLA2G2A,NIAQFGEMIWLKT-NH2,775.413411,2,Kidney_3,Kidney_3.mzML,26.54,26.97
PEP-PLA2G2A,NIAQFGEMIWLKT-NH2,775.413411,2,Liver_1,Liver_1.mzML,26.54,26.97
PEP-PLA2G2A,NIAQFGEMIWLKT-NH2,775.413411,2,Liver_2,Liver_2.mzML,26.54,26.97
PEP-PLA2G2A,NIAQFGEMIWLKT-NH2,775.413411,2,Liver_3,Liver_3.mzML,26.54,26.97
PEP-PLA2G2A,NIAQFGEMIWLKT-NH2,775.413411,2,Lung_1,Lung_1.mzML,26.54,26.97
PEP-PLA2G2A,NIAQFGEMIWLKT-NH2,775.413411,2,Lung_2,Lung_2.mzML,26.54,26.97
PEP-PLA2G2A,NIAQFGEMIWLKT-NH2,775.413411,2,Lung_3,Lung_3.mzML,26.54,26.97
PEP-PLA2G2A,NIAQFGEMIWLKT-NH2,775.413411,2,Pancreas_1,Pancreas_1.mzML,26.54,26.97
PEP-PLA2G2A,NIAQFGEMIWLKT-NH2,775.413411,2,Pancreas_2,Pancreas_2.mzML,26.54,26.97
PEP-PLA2G2A,NIAQFGEMIWLKT-NH2,775.413411,2,Pancreas_3,Pancreas_3.mzML,26.54,26.97
PEP-PLA2G2A,NIAQFGEMIWLKT-NH2,775.413411,2,Quad_1,Quad_1.mzML,26.54,26.97
PEP-PLA2G2A,NIAQFGEMIWLKT-NH2,775.413411,2,Quad_2,Quad_2.mzML,26.54,26.97
PEP-PLA2G2A,NIAQFGEMIWLKT-NH2,775.413411,2,Quad_3,Quad_3.mzML,26.54,26.97
PEP-PLA2G2A,NIAQFGEMIWLKT-NH2,775.413411,2,Spleen_1,Spleen_1.mzML,26.54,26.97
PEP-PLA2G2A,NIAQFGEMIWLKT-NH2,775.413411,2,Spleen_2,Spleen_2.mzML,26.54,26.97
PEP-PLA2G2A,NIAQFGEMIWLKT-NH2,775.413411,2,Spleen_3,Spleen_3.mzML,26.54,26.97
PEP-PLA2G2A,NIAQFGEMIWLKT-NH2,775.413411,2,iWAT_1,iWAT_1.mzML,26.54,26.97
PEP-PLA2G2A,NIAQFGEMIWLKT-NH2,775.413411,2,iWAT_2,iWAT_2.mzML,26.54,26.97
PEP-PLA2G2A,NIAQFGEMIWLKT-NH2,775.413411,2,iWAT_3,iWAT_3.mzML,26.54,26.97
PEP-PLA2G2A,NIAQFGEMIWLKT-NH2,775.413411,2,plasma_1,plasma_1.mzML,26.54,26.97
PEP-PLA2G2A,NIAQFGEMIWLKT-NH2,775.413411,2,plasma_2,plasma_2.mzML,26.54,26.97
PEP-PLA2G2A,NIAQFGEMIWLKT-NH2,775.413411,2,plasma_3,plasma_3.mzML,26.54,26.97
PEP-PLAC9,EWGQGPRDTP-NH2,571.272886,2,1uMStd6,1uMStd6.mzML,10.18,11.78
PEP-PLAC9,EWGQGPRDTP-NH2,571.272886,2,BAT_1,BAT_1.mzML,10.18,11.78
PEP-PLAC9,EWGQGPRDTP-NH2,571.272886,2,BAT_2,BAT_2.mzML,10.18,11.78
PEP-PLAC9,EWGQGPRDTP-NH2,571.272886,2,BAT_3,BAT_3.mzML,10.18,11.78
PEP-PLAC9,EWGQGPRDTP-NH2,571.272886,2,Brain_1,Brain_1.mzML,10.18,11.78
PEP-PLAC9,EWGQGPRDTP-NH2,571.272886,2,Brain_2,Brain_2.mzML,10.18,11.78
PEP-PLAC9,EWGQGPRDTP-NH2,571.272886,2,Brain_3,Brain_3.mzML,10.18,11.78
PEP-PLAC9,EWGQGPRDTP-NH2,571.272886,2,Heart_1,Heart_1.mzML,10.18,11.78
PEP-PLAC9,EWGQGPRDTP-NH2,571.272886,2,Heart_2,Heart_2.mzML,10.18,11.78
PEP-PLAC9,EWGQGPRDTP-NH2,571.272886,2,Heart_3,Heart_3.mzML,10.18,11.78
PEP-PLAC9,EWGQGPRDTP-NH2,571.272886,2,Ileum_1,Gut_1.mzML,10.18,11.78
PEP-PLAC9,EWGQGPRDTP-NH2,571.272886,2,Ileum_2,Gut_2.mzML,10.18,11.78
PEP-PLAC9,EWGQGPRDTP-NH2,571.272886,2,Ileum_3,Gut_3.mzML,10.18,11.78
PEP-PLAC9,EWGQGPRDTP-NH2,571.272886,2,Kidney_1,Kidney_1.mzML,10.18,11.78
PEP-PLAC9,EWGQGPRDTP-NH2,571.272886,2,Kidney_2,Kidney_2.mzML,10.18,11.78
PEP-PLAC9,EWGQGPRDTP-NH2,571.272886,2,Kidney_3,Kidney_3.mzML,10.18,11.78
PEP-PLAC9,EWGQGPRDTP-NH2,571.272886,2,Liver_1,Liver_1.mzML,10.18,11.78
PEP-PLAC9,EWGQGPRDTP-NH2,571.272886,2,Liver_2,Liver_2.mzML,10.18,11.78
PEP-PLAC9,EWGQGPRDTP-NH2,571.272886,2,Liver_3,Liver_3.mzML,10.18,11.78
PEP-PLAC9,EWGQGPRDTP-NH2,571.272886,2,Lung_1,Lung_1.mzML,10.18,11.78
PEP-PLAC9,EWGQGPRDTP-NH2,571.272886,2,Lung_2,Lung_2.mzML,10.18,11.78
PEP-PLAC9,EWGQGPRDTP-NH2,571.272886,2,Lung_3,Lung_3.mzML,10.18,11.78
PEP-PLAC9,EWGQGPRDTP-NH2,571.272886,2,Pancreas_1,Pancreas_1.mzML,10.18,11.78
PEP-PLAC9,EWGQGPRDTP-NH2,571.272886,2,Pancreas_2,Pancreas_2.mzML,10.18,11.78
PEP-PLAC9,EWGQGPRDTP-NH2,571.272886,2,Pancreas_3,Pancreas_3.mzML,10.18,11.78
PEP-PLAC9,EWGQGPRDTP-NH2,571.272886,2,Quad_1,Quad_1.mzML,10.18,11.78
PEP-PLAC9,EWGQGPRDTP-NH2,571.272886,2,Quad_2,Quad_2.mzML,10.18,11.78
PEP-PLAC9,EWGQGPRDTP-NH2,571.272886,2,Quad_3,Quad_3.mzML,10.18,11.78
PEP-PLAC9,EWGQGPRDTP-NH2,571.272886,2,Spleen_1,Spleen_1.mzML,10.18,11.78
PEP-PLAC9,EWGQGPRDTP-NH2,571.272886,2,Spleen_2,Spleen_2.mzML,10.18,11.78
PEP-PLAC9,EWGQGPRDTP-NH2,571.272886,2,Spleen_3,Spleen_3.mzML,10.18,11.78
PEP-PLAC9,EWGQGPRDTP-NH2,571.272886,2,iWAT_1,iWAT_1.mzML,10.18,11.78
PEP-PLAC9,EWGQGPRDTP-NH2,571.272886,2,iWAT_2,iWAT_2.mzML,10.18,11.78
PEP-PLAC9,EWGQGPRDTP-NH2,571.272886,2,iWAT_3,iWAT_3.mzML,10.18,11.78
PEP-PLAC9,EWGQGPRDTP-NH2,571.272886,2,plasma_1,plasma_1.mzML,10.18,11.78
PEP-PLAC9,EWGQGPRDTP-NH2,571.272886,2,plasma_2,plasma_2.mzML,10.18,11.78
PEP-PLAC9,EWGQGPRDTP-NH2,571.272886,2,plasma_3,plasma_3.mzML,10.18,11.78
PEP-POSTN,YFSSC*KNWYQGAIC*-NH2,891.889974,2,1uMStd6,1uMStd6.mzML,18.55,19.09
PEP-POSTN,YFSSC*KNWYQGAIC*-NH2,891.889974,2,BAT_1,BAT_1.mzML,18.55,19.09
PEP-POSTN,YFSSC*KNWYQGAIC*-NH2,891.889974,2,BAT_2,BAT_2.mzML,18.55,19.09
PEP-POSTN,YFSSC*KNWYQGAIC*-NH2,891.889974,2,BAT_3,BAT_3.mzML,18.55,19.09
PEP-POSTN,YFSSC*KNWYQGAIC*-NH2,891.889974,2,Brain_1,Brain_1.mzML,18.55,19.09
PEP-POSTN,YFSSC*KNWYQGAIC*-NH2,891.889974,2,Brain_2,Brain_2.mzML,18.55,19.09
PEP-POSTN,YFSSC*KNWYQGAIC*-NH2,891.889974,2,Brain_3,Brain_3.mzML,18.55,19.09
PEP-POSTN,YFSSC*KNWYQGAIC*-NH2,891.889974,2,Heart_1,Heart_1.mzML,18.55,19.09
PEP-POSTN,YFSSC*KNWYQGAIC*-NH2,891.889974,2,Heart_2,Heart_2.mzML,18.55,19.09
PEP-POSTN,YFSSC*KNWYQGAIC*-NH2,891.889974,2,Heart_3,Heart_3.mzML,18.55,19.09
PEP-POSTN,YFSSC*KNWYQGAIC*-NH2,891.889974,2,Ileum_1,Gut_1.mzML,18.55,19.09
PEP-POSTN,YFSSC*KNWYQGAIC*-NH2,891.889974,2,Ileum_2,Gut_2.mzML,18.55,19.09
PEP-POSTN,YFSSC*KNWYQGAIC*-NH2,891.889974,2,Ileum_3,Gut_3.mzML,18.55,19.09
PEP-POSTN,YFSSC*KNWYQGAIC*-NH2,891.889974,2,Kidney_1,Kidney_1.mzML,18.55,19.09
PEP-POSTN,YFSSC*KNWYQGAIC*-NH2,891.889974,2,Kidney_2,Kidney_2.mzML,18.55,19.09
PEP-POSTN,YFSSC*KNWYQGAIC*-NH2,891.889974,2,Kidney_3,Kidney_3.mzML,18.55,19.09
PEP-POSTN,YFSSC*KNWYQGAIC*-NH2,891.889974,2,Liver_1,Liver_1.mzML,18.55,19.09
PEP-POSTN,YFSSC*KNWYQGAIC*-NH2,891.889974,2,Liver_2,Liver_2.mzML,18.55,19.09
PEP-POSTN,YFSSC*KNWYQGAIC*-NH2,891.889974,2,Liver_3,Liver_3.mzML,18.55,19.09
PEP-POSTN,YFSSC*KNWYQGAIC*-NH2,891.889974,2,Lung_1,Lung_1.mzML,18.55,19.09
PEP-POSTN,YFSSC*KNWYQGAIC*-NH2,891.889974,2,Lung_2,Lung_2.mzML,18.55,19.09
PEP-POSTN,YFSSC*KNWYQGAIC*-NH2,891.889974,2,Lung_3,Lung_3.mzML,18.55,19.09
PEP-POSTN,YFSSC*KNWYQGAIC*-NH2,891.889974,2,Pancreas_1,Pancreas_1.mzML,18.55,19.09
PEP-POSTN,YFSSC*KNWYQGAIC*-NH2,891.889974,2,Pancreas_2,Pancreas_2.mzML,18.55,19.09
PEP-POSTN,YFSSC*KNWYQGAIC*-NH2,891.889974,2,Pancreas_3,Pancreas_3.mzML,18.55,19.09
PEP-POSTN,YFSSC*KNWYQGAIC*-NH2,891.889974,2,Quad_1,Quad_1.mzML,18.55,19.09
PEP-POSTN,YFSSC*KNWYQGAIC*-NH2,891.889974,2,Quad_2,Quad_2.mzML,18.55,19.09
PEP-POSTN,YFSSC*KNWYQGAIC*-NH2,891.889974,2,Quad_3,Quad_3.mzML,18.55,19.09
PEP-POSTN,YFSSC*KNWYQGAIC*-NH2,891.889974,2,Spleen_1,Spleen_1.mzML,18.55,19.09
PEP-POSTN,YFSSC*KNWYQGAIC*-NH2,891.889974,2,Spleen_2,Spleen_2.mzML,18.55,19.09
PEP-POSTN,YFSSC*KNWYQGAIC*-NH2,891.889974,2,Spleen_3,Spleen_3.mzML,18.55,19.09
PEP-POSTN,YFSSC*KNWYQGAIC*-NH2,891.889974,2,iWAT_1,iWAT_1.mzML,18.55,19.09
PEP-POSTN,YFSSC*KNWYQGAIC*-NH2,891.889974,2,iWAT_2,iWAT_2.mzML,18.55,19.09
PEP-POSTN,YFSSC*KNWYQGAIC*-NH2,891.889974,2,iWAT_3,iWAT_3.mzML,18.55,19.09
PEP-POSTN,YFSSC*KNWYQGAIC*-NH2,891.889974,2,plasma_1,plasma_1.mzML,18.55,19.09
PEP-POSTN,YFSSC*KNWYQGAIC*-NH2,891.889974,2,plasma_2,plasma_2.mzML,18.55,19.09
PEP-POSTN,YFSSC*KNWYQGAIC*-NH2,891.889974,2,plasma_3,plasma_3.mzML,18.55,19.09
PEP-PPY,YINTLTRPRY-NH2,432.578811,3,1uMStd6,1uMStd6.mzML,11.75,12.38
PEP-PPY,YINTLTRPRY-NH2,432.578811,3,BAT_1,BAT_1.mzML,11.75,12.38
PEP-PPY,YINTLTRPRY-NH2,432.578811,3,BAT_2,BAT_2.mzML,11.75,12.38
PEP-PPY,YINTLTRPRY-NH2,432.578811,3,BAT_3,BAT_3.mzML,11.75,12.38
PEP-PPY,YINTLTRPRY-NH2,432.578811,3,Brain_1,Brain_1.mzML,11.75,12.38
PEP-PPY,YINTLTRPRY-NH2,432.578811,3,Brain_2,Brain_2.mzML,11.75,12.38
PEP-PPY,YINTLTRPRY-NH2,432.578811,3,Brain_3,Brain_3.mzML,11.75,12.38
PEP-PPY,YINTLTRPRY-NH2,432.578811,3,Heart_1,Heart_1.mzML,11.75,12.38
PEP-PPY,YINTLTRPRY-NH2,432.578811,3,Heart_2,Heart_2.mzML,11.75,12.38
PEP-PPY,YINTLTRPRY-NH2,432.578811,3,Heart_3,Heart_3.mzML,11.75,12.38
PEP-PPY,YINTLTRPRY-NH2,432.578811,3,Ileum_1,Gut_1.mzML,11.75,12.38
PEP-PPY,YINTLTRPRY-NH2,432.578811,3,Ileum_2,Gut_2.mzML,11.75,12.38
PEP-PPY,YINTLTRPRY-NH2,432.578811,3,Ileum_3,Gut_3.mzML,11.75,12.38
PEP-PPY,YINTLTRPRY-NH2,432.578811,3,Kidney_1,Kidney_1.mzML,11.75,12.38
PEP-PPY,YINTLTRPRY-NH2,432.578811,3,Kidney_2,Kidney_2.mzML,11.75,12.38
PEP-PPY,YINTLTRPRY-NH2,432.578811,3,Kidney_3,Kidney_3.mzML,11.75,12.38
PEP-PPY,YINTLTRPRY-NH2,432.578811,3,Liver_1,Liver_1.mzML,11.75,12.38
PEP-PPY,YINTLTRPRY-NH2,432.578811,3,Liver_2,Liver_2.mzML,11.75,12.38
PEP-PPY,YINTLTRPRY-NH2,432.578811,3,Liver_3,Liver_3.mzML,11.75,12.38
PEP-PPY,YINTLTRPRY-NH2,432.578811,3,Lung_1,Lung_1.mzML,11.75,12.38
PEP-PPY,YINTLTRPRY-NH2,432.578811,3,Lung_2,Lung_2.mzML,11.75,12.38
PEP-PPY,YINTLTRPRY-NH2,432.578811,3,Lung_3,Lung_3.mzML,11.75,12.38
PEP-PPY,YINTLTRPRY-NH2,432.578811,3,Pancreas_1,Pancreas_1.mzML,11.75,12.38
PEP-PPY,YINTLTRPRY-NH2,432.578811,3,Pancreas_2,Pancreas_2.mzML,11.75,12.38
PEP-PPY,YINTLTRPRY-NH2,432.578811,3,Pancreas_3,Pancreas_3.mzML,11.75,12.38
PEP-PPY,YINTLTRPRY-NH2,432.578811,3,Quad_1,Quad_1.mzML,11.75,12.38
PEP-PPY,YINTLTRPRY-NH2,432.578811,3,Quad_2,Quad_2.mzML,11.75,12.38
PEP-PPY,YINTLTRPRY-NH2,432.578811,3,Quad_3,Quad_3.mzML,11.75,12.38
PEP-PPY,YINTLTRPRY-NH2,432.578811,3,Spleen_1,Spleen_1.mzML,11.75,12.38
PEP-PPY,YINTLTRPRY-NH2,432.578811,3,Spleen_2,Spleen_2.mzML,11.75,12.38
PEP-PPY,YINTLTRPRY-NH2,432.578811,3,Spleen_3,Spleen_3.mzML,11.75,12.38
PEP-PPY,YINTLTRPRY-NH2,432.578811,3,iWAT_1,iWAT_1.mzML,11.75,12.38
PEP-PPY,YINTLTRPRY-NH2,432.578811,3,iWAT_2,iWAT_2.mzML,11.75,12.38
PEP-PPY,YINTLTRPRY-NH2,432.578811,3,iWAT_3,iWAT_3.mzML,11.75,12.38
PEP-PPY,YINTLTRPRY-NH2,432.578811,3,plasma_1,plasma_1.mzML,11.75,12.38
PEP-PPY,YINTLTRPRY-NH2,432.578811,3,plasma_2,plasma_2.mzML,11.75,12.38
PEP-PPY,YINTLTRPRY-NH2,432.578811,3,plasma_3,plasma_3.mzML,11.75,12.38
PEP-PRSS35,LRVGVLKMRNKG-NH2,457.290607,3,1uMStd6,1uMStd6.mzML,9.02,10.67
PEP-PRSS35,LRVGVLKMRNKG-NH2,457.290607,3,BAT_1,BAT_1.mzML,9.02,10.67
PEP-PRSS35,LRVGVLKMRNKG-NH2,457.290607,3,BAT_2,BAT_2.mzML,9.02,10.67
PEP-PRSS35,LRVGVLKMRNKG-NH2,457.290607,3,BAT_3,BAT_3.mzML,9.02,10.67
PEP-PRSS35,LRVGVLKMRNKG-NH2,457.290607,3,Brain_1,Brain_1.mzML,9.01,10.67
PEP-PRSS35,LRVGVLKMRNKG-NH2,457.290607,3,Brain_2,Brain_2.mzML,9.01,10.67
PEP-PRSS35,LRVGVLKMRNKG-NH2,457.290607,3,Brain_3,Brain_3.mzML,9.01,10.67
PEP-PRSS35,LRVGVLKMRNKG-NH2,457.290607,3,Heart_1,Heart_1.mzML,9.02,10.67
PEP-PRSS35,LRVGVLKMRNKG-NH2,457.290607,3,Heart_2,Heart_2.mzML,9.02,10.67
PEP-PRSS35,LRVGVLKMRNKG-NH2,457.290607,3,Heart_3,Heart_3.mzML,9.02,10.67
PEP-PRSS35,LRVGVLKMRNKG-NH2,457.290607,3,Ileum_1,Gut_1.mzML,9.01,10.67
PEP-PRSS35,LRVGVLKMRNKG-NH2,457.290607,3,Ileum_2,Gut_2.mzML,9.01,10.67
PEP-PRSS35,LRVGVLKMRNKG-NH2,457.290607,3,Ileum_3,Gut_3.mzML,9.01,10.67
PEP-PRSS35,LRVGVLKMRNKG-NH2,457.290607,3,Kidney_1,Kidney_1.mzML,9.02,10.67
PEP-PRSS35,LRVGVLKMRNKG-NH2,457.290607,3,Kidney_2,Kidney_2.mzML,9.02,10.67
PEP-PRSS35,LRVGVLKMRNKG-NH2,457.290607,3,Kidney_3,Kidney_3.mzML,9.01,10.67
PEP-PRSS35,LRVGVLKMRNKG-NH2,457.290607,3,Liver_1,Liver_1.mzML,9.02,10.67
PEP-PRSS35,LRVGVLKMRNKG-NH2,457.290607,3,Liver_2,Liver_2.mzML,9.02,10.67
PEP-PRSS35,LRVGVLKMRNKG-NH2,457.290607,3,Liver_3,Liver_3.mzML,9.01,10.67
PEP-PRSS35,LRVGVLKMRNKG-NH2,457.290607,3,Lung_1,Lung_1.mzML,9.02,10.67
PEP-PRSS35,LRVGVLKMRNKG-NH2,457.290607,3,Lung_2,Lung_2.mzML,9.02,10.67
PEP-PRSS35,LRVGVLKMRNKG-NH2,457.290607,3,Lung_3,Lung_3.mzML,9.02,10.67
PEP-PRSS35,LRVGVLKMRNKG-NH2,457.290607,3,Pancreas_1,Pancreas_1.mzML,9.02,10.67
PEP-PRSS35,LRVGVLKMRNKG-NH2,457.290607,3,Pancreas_2,Pancreas_2.mzML,9.02,10.67
PEP-PRSS35,LRVGVLKMRNKG-NH2,457.290607,3,Pancreas_3,Pancreas_3.mzML,9.02,10.67
PEP-PRSS35,LRVGVLKMRNKG-NH2,457.290607,3,Quad_1,Quad_1.mzML,9.01,10.67
PEP-PRSS35,LRVGVLKMRNKG-NH2,457.290607,3,Quad_2,Quad_2.mzML,9.02,10.67
PEP-PRSS35,LRVGVLKMRNKG-NH2,457.290607,3,Quad_3,Quad_3.mzML,9.02,10.67
PEP-PRSS35,LRVGVLKMRNKG-NH2,457.290607,3,Spleen_1,Spleen_1.mzML,9.02,10.67
PEP-PRSS35,LRVGVLKMRNKG-NH2,457.290607,3,Spleen_2,Spleen_2.mzML,9.02,10.67
PEP-PRSS35,LRVGVLKMRNKG-NH2,457.290607,3,Spleen_3,Spleen_3.mzML,9.02,10.67
PEP-PRSS35,LRVGVLKMRNKG-NH2,457.290607,3,iWAT_1,iWAT_1.mzML,9.02,10.67
PEP-PRSS35,LRVGVLKMRNKG-NH2,457.290607,3,iWAT_2,iWAT_2.mzML,9.02,10.67
PEP-PRSS35,LRVGVLKMRNKG-NH2,457.290607,3,iWAT_3,iWAT_3.mzML,9.02,10.67
PEP-PRSS35,LRVGVLKMRNKG-NH2,457.290607,3,plasma_1,plasma_1.mzML,9.02,10.67
PEP-PRSS35,LRVGVLKMRNKG-NH2,457.290607,3,plasma_2,plasma_2.mzML,9.02,10.67
PEP-PRSS35,LRVGVLKMRNKG-NH2,457.290607,3,plasma_3,plasma_3.mzML,9.02,10.67
PEP-PTHLH,RSVEGL-NH2,330.195388,2,1uMStd6,1uMStd6.mzML,6.69,7.8
PEP-PTHLH,RSVEGL-NH2,330.195388,2,BAT_1,BAT_1.mzML,6.69,7.8
PEP-PTHLH,RSVEGL-NH2,330.195388,2,BAT_2,BAT_2.mzML,6.69,7.8
PEP-PTHLH,RSVEGL-NH2,330.195388,2,BAT_3,BAT_3.mzML,6.69,7.8
PEP-PTHLH,RSVEGL-NH2,330.195388,2,Brain_1,Brain_1.mzML,6.69,7.8
PEP-PTHLH,RSVEGL-NH2,330.195388,2,Brain_2,Brain_2.mzML,6.69,7.8
PEP-PTHLH,RSVEGL-NH2,330.195388,2,Brain_3,Brain_3.mzML,6.69,7.8
PEP-PTHLH,RSVEGL-NH2,330.195388,2,Heart_1,Heart_1.mzML,6.69,7.8
PEP-PTHLH,RSVEGL-NH2,330.195388,2,Heart_2,Heart_2.mzML,6.69,7.8
PEP-PTHLH,RSVEGL-NH2,330.195388,2,Heart_3,Heart_3.mzML,6.69,7.8
PEP-PTHLH,RSVEGL-NH2,330.195388,2,Ileum_1,Gut_1.mzML,6.69,7.8
PEP-PTHLH,RSVEGL-NH2,330.195388,2,Ileum_2,Gut_2.mzML,6.69,7.8
PEP-PTHLH,RSVEGL-NH2,330.195388,2,Ileum_3,Gut_3.mzML,6.69,7.8
PEP-PTHLH,RSVEGL-NH2,330.195388,2,Kidney_1,Kidney_1.mzML,6.69,7.8
PEP-PTHLH,RSVEGL-NH2,330.195388,2,Kidney_2,Kidney_2.mzML,6.69,7.8
PEP-PTHLH,RSVEGL-NH2,330.195388,2,Kidney_3,Kidney_3.mzML,6.69,7.8
PEP-PTHLH,RSVEGL-NH2,330.195388,2,Liver_1,Liver_1.mzML,6.69,7.8
PEP-PTHLH,RSVEGL-NH2,330.195388,2,Liver_2,Liver_2.mzML,6.69,7.8
PEP-PTHLH,RSVEGL-NH2,330.195388,2,Liver_3,Liver_3.mzML,6.69,7.8
PEP-PTHLH,RSVEGL-NH2,330.195388,2,Lung_1,Lung_1.mzML,6.69,7.8
PEP-PTHLH,RSVEGL-NH2,330.195388,2,Lung_2,Lung_2.mzML,6.69,7.8
PEP-PTHLH,RSVEGL-NH2,330.195388,2,Lung_3,Lung_3.mzML,6.69,7.8
PEP-PTHLH,RSVEGL-NH2,330.195388,2,Pancreas_1,Pancreas_1.mzML,6.69,7.8
PEP-PTHLH,RSVEGL-NH2,330.195388,2,Pancreas_2,Pancreas_2.mzML,6.69,7.8
PEP-PTHLH,RSVEGL-NH2,330.195388,2,Pancreas_3,Pancreas_3.mzML,6.69,7.8
PEP-PTHLH,RSVEGL-NH2,330.195388,2,Quad_1,Quad_1.mzML,6.69,7.8
PEP-PTHLH,RSVEGL-NH2,330.195388,2,Quad_2,Quad_2.mzML,6.69,7.8
PEP-PTHLH,RSVEGL-NH2,330.195388,2,Quad_3,Quad_3.mzML,6.69,7.8
PEP-PTHLH,RSVEGL-NH2,330.195388,2,Spleen_1,Spleen_1.mzML,6.69,7.8
PEP-PTHLH,RSVEGL-NH2,330.195388,2,Spleen_2,Spleen_2.mzML,6.69,7.8
PEP-PTHLH,RSVEGL-NH2,330.195388,2,Spleen_3,Spleen_3.mzML,6.69,7.8
PEP-PTHLH,RSVEGL-NH2,330.195388,2,iWAT_1,iWAT_1.mzML,6.69,7.8
PEP-PTHLH,RSVEGL-NH2,330.195388,2,iWAT_2,iWAT_2.mzML,6.69,7.8
PEP-PTHLH,RSVEGL-NH2,330.195388,2,iWAT_3,iWAT_3.mzML,6.69,7.8
PEP-PTHLH,RSVEGL-NH2,330.195388,2,plasma_1,plasma_1.mzML,6.69,7.8
PEP-PTHLH,RSVEGL-NH2,330.195388,2,plasma_2,plasma_2.mzML,6.69,7.8
PEP-PTHLH,RSVEGL-NH2,330.195388,2,plasma_3,plasma_3.mzML,6.69,7.8
PEP-QRFP,GGFSFRF-NH2,408.711205,2,1uMStd6,1uMStd6.mzML,19.51,20.6
PEP-QRFP,GGFSFRF-NH2,408.711205,2,BAT_1,BAT_1.mzML,19.51,20.6
PEP-QRFP,GGFSFRF-NH2,408.711205,2,BAT_2,BAT_2.mzML,19.51,20.6
PEP-QRFP,GGFSFRF-NH2,408.711205,2,BAT_3,BAT_3.mzML,19.51,20.6
PEP-QRFP,GGFSFRF-NH2,408.711205,2,Brain_1,Brain_1.mzML,19.51,20.6
PEP-QRFP,GGFSFRF-NH2,408.711205,2,Brain_2,Brain_2.mzML,19.51,20.6
PEP-QRFP,GGFSFRF-NH2,408.711205,2,Brain_3,Brain_3.mzML,19.51,20.6
PEP-QRFP,GGFSFRF-NH2,408.711205,2,Heart_1,Heart_1.mzML,19.51,20.6
PEP-QRFP,GGFSFRF-NH2,408.711205,2,Heart_2,Heart_2.mzML,19.51,20.6
PEP-QRFP,GGFSFRF-NH2,408.711205,2,Heart_3,Heart_3.mzML,19.51,20.6
PEP-QRFP,GGFSFRF-NH2,408.711205,2,Ileum_1,Gut_1.mzML,19.51,20.6
PEP-QRFP,GGFSFRF-NH2,408.711205,2,Ileum_2,Gut_2.mzML,19.51,20.6
PEP-QRFP,GGFSFRF-NH2,408.711205,2,Ileum_3,Gut_3.mzML,19.51,20.6
PEP-QRFP,GGFSFRF-NH2,408.711205,2,Kidney_1,Kidney_1.mzML,19.51,20.6
PEP-QRFP,GGFSFRF-NH2,408.711205,2,Kidney_2,Kidney_2.mzML,19.51,20.6
PEP-QRFP,GGFSFRF-NH2,408.711205,2,Kidney_3,Kidney_3.mzML,19.51,20.6
PEP-QRFP,GGFSFRF-NH2,408.711205,2,Liver_1,Liver_1.mzML,19.51,20.6
PEP-QRFP,GGFSFRF-NH2,408.711205,2,Liver_2,Liver_2.mzML,19.51,20.6
PEP-QRFP,GGFSFRF-NH2,408.711205,2,Liver_3,Liver_3.mzML,19.51,20.6
PEP-QRFP,GGFSFRF-NH2,408.711205,2,Lung_1,Lung_1.mzML,19.51,20.6
PEP-QRFP,GGFSFRF-NH2,408.711205,2,Lung_2,Lung_2.mzML,19.51,20.6
PEP-QRFP,GGFSFRF-NH2,408.711205,2,Lung_3,Lung_3.mzML,19.51,20.6
PEP-QRFP,GGFSFRF-NH2,408.711205,2,Pancreas_1,Pancreas_1.mzML,19.51,20.6
PEP-QRFP,GGFSFRF-NH2,408.711205,2,Pancreas_2,Pancreas_2.mzML,19.51,20.6
PEP-QRFP,GGFSFRF-NH2,408.711205,2,Pancreas_3,Pancreas_3.mzML,19.51,20.6
PEP-QRFP,GGFSFRF-NH2,408.711205,2,Quad_1,Quad_1.mzML,19.51,20.6
PEP-QRFP,GGFSFRF-NH2,408.711205,2,Quad_2,Quad_2.mzML,19.51,20.6
PEP-QRFP,GGFSFRF-NH2,408.711205,2,Quad_3,Quad_3.mzML,19.51,20.6
PEP-QRFP,GGFSFRF-NH2,408.711205,2,Spleen_1,Spleen_1.mzML,19.51,20.6
PEP-QRFP,GGFSFRF-NH2,408.711205,2,Spleen_2,Spleen_2.mzML,19.51,20.6
PEP-QRFP,GGFSFRF-NH2,408.711205,2,Spleen_3,Spleen_3.mzML,19.51,20.6
PEP-QRFP,GGFSFRF-NH2,408.711205,2,iWAT_1,iWAT_1.mzML,19.51,20.6
PEP-QRFP,GGFSFRF-NH2,408.711205,2,iWAT_2,iWAT_2.mzML,19.51,20.6
PEP-QRFP,GGFSFRF-NH2,408.711205,2,iWAT_3,iWAT_3.mzML,19.51,20.6
PEP-QRFP,GGFSFRF-NH2,408.711205,2,plasma_1,plasma_1.mzML,19.51,20.6
PEP-QRFP,GGFSFRF-NH2,408.711205,2,plasma_2,plasma_2.mzML,19.51,20.6
PEP-QRFP,GGFSFRF-NH2,408.711205,2,plasma_3,plasma_3.mzML,19.51,20.6
PEP-RSPO3,pGlu-NASR-NH2,557.279034,1,1uMStd6,1uMStd6.mzML,16.1,16.69
PEP-RSPO3,pGlu-NASR-NH2,557.279034,1,BAT_1,BAT_1.mzML,16.1,16.69
PEP-RSPO3,pGlu-NASR-NH2,557.279034,1,BAT_2,BAT_2.mzML,16.1,16.69
PEP-RSPO3,pGlu-NASR-NH2,557.279034,1,BAT_3,BAT_3.mzML,16.1,16.69
PEP-RSPO3,pGlu-NASR-NH2,557.279034,1,Brain_1,Brain_1.mzML,16.1,16.69
PEP-RSPO3,pGlu-NASR-NH2,557.279034,1,Brain_2,Brain_2.mzML,16.1,16.69
PEP-RSPO3,pGlu-NASR-NH2,557.279034,1,Brain_3,Brain_3.mzML,16.1,16.69
PEP-RSPO3,pGlu-NASR-NH2,557.279034,1,Heart_1,Heart_1.mzML,16.1,16.69
PEP-RSPO3,pGlu-NASR-NH2,557.279034,1,Heart_2,Heart_2.mzML,16.1,16.69
PEP-RSPO3,pGlu-NASR-NH2,557.279034,1,Heart_3,Heart_3.mzML,16.1,16.69
PEP-RSPO3,pGlu-NASR-NH2,557.279034,1,Ileum_1,Gut_1.mzML,16.1,16.69
PEP-RSPO3,pGlu-NASR-NH2,557.279034,1,Ileum_2,Gut_2.mzML,16.1,16.69
PEP-RSPO3,pGlu-NASR-NH2,557.279034,1,Ileum_3,Gut_3.mzML,16.1,16.69
PEP-RSPO3,pGlu-NASR-NH2,557.279034,1,Kidney_1,Kidney_1.mzML,16.1,16.69
PEP-RSPO3,pGlu-NASR-NH2,557.279034,1,Kidney_2,Kidney_2.mzML,16.1,16.69
PEP-RSPO3,pGlu-NASR-NH2,557.279034,1,Kidney_3,Kidney_3.mzML,16.1,16.69
PEP-RSPO3,pGlu-NASR-NH2,557.279034,1,Liver_1,Liver_1.mzML,16.1,16.69
PEP-RSPO3,pGlu-NASR-NH2,557.279034,1,Liver_2,Liver_2.mzML,16.1,16.69
PEP-RSPO3,pGlu-NASR-NH2,557.279034,1,Liver_3,Liver_3.mzML,16.1,16.69
PEP-RSPO3,pGlu-NASR-NH2,557.279034,1,Lung_1,Lung_1.mzML,16.1,16.69
PEP-RSPO3,pGlu-NASR-NH2,557.279034,1,Lung_2,Lung_2.mzML,16.1,16.69
PEP-RSPO3,pGlu-NASR-NH2,557.279034,1,Lung_3,Lung_3.mzML,16.1,16.69
PEP-RSPO3,pGlu-NASR-NH2,557.279034,1,Pancreas_1,Pancreas_1.mzML,16.1,16.69
PEP-RSPO3,pGlu-NASR-NH2,557.279034,1,Pancreas_2,Pancreas_2.mzML,16.1,16.69
PEP-RSPO3,pGlu-NASR-NH2,557.279034,1,Pancreas_3,Pancreas_3.mzML,16.1,16.69
PEP-RSPO3,pGlu-NASR-NH2,557.279034,1,Quad_1,Quad_1.mzML,16.1,16.69
PEP-RSPO3,pGlu-NASR-NH2,557.279034,1,Quad_2,Quad_2.mzML,16.1,16.69
PEP-RSPO3,pGlu-NASR-NH2,557.279034,1,Quad_3,Quad_3.mzML,16.1,16.69
PEP-RSPO3,pGlu-NASR-NH2,557.279034,1,Spleen_1,Spleen_1.mzML,16.1,16.69
PEP-RSPO3,pGlu-NASR-NH2,557.279034,1,Spleen_2,Spleen_2.mzML,16.1,16.69
PEP-RSPO3,pGlu-NASR-NH2,557.279034,1,Spleen_3,Spleen_3.mzML,16.1,16.69
PEP-RSPO3,pGlu-NASR-NH2,557.279034,1,iWAT_1,iWAT_1.mzML,16.1,16.69
PEP-RSPO3,pGlu-NASR-NH2,557.279034,1,iWAT_2,iWAT_2.mzML,16.1,16.69
PEP-RSPO3,pGlu-NASR-NH2,557.279034,1,iWAT_3,iWAT_3.mzML,16.1,16.69
PEP-RSPO3,pGlu-NASR-NH2,557.279034,1,plasma_1,plasma_1.mzML,16.1,16.69
PEP-RSPO3,pGlu-NASR-NH2,557.279034,1,plasma_2,plasma_2.mzML,16.1,16.69
PEP-RSPO3,pGlu-NASR-NH2,557.279034,1,plasma_3,plasma_3.mzML,16.1,16.69
PEP-SCG5,SVNPYLQ-NH2,410.221602,2,1uMStd6,1uMStd6.mzML,13.67,14.35
PEP-SCG5,SVNPYLQ-NH2,410.221602,2,BAT_1,BAT_1.mzML,13.67,14.35
PEP-SCG5,SVNPYLQ-NH2,410.221602,2,BAT_2,BAT_2.mzML,13.67,14.35
PEP-SCG5,SVNPYLQ-NH2,410.221602,2,BAT_3,BAT_3.mzML,13.67,14.35
PEP-SCG5,SVNPYLQ-NH2,410.221602,2,Brain_1,Brain_1.mzML,13.67,14.35
PEP-SCG5,SVNPYLQ-NH2,410.221602,2,Brain_2,Brain_2.mzML,13.67,14.35
PEP-SCG5,SVNPYLQ-NH2,410.221602,2,Brain_3,Brain_3.mzML,13.67,14.35
PEP-SCG5,SVNPYLQ-NH2,410.221602,2,Heart_1,Heart_1.mzML,13.67,14.35
PEP-SCG5,SVNPYLQ-NH2,410.221602,2,Heart_2,Heart_2.mzML,13.67,14.35
PEP-SCG5,SVNPYLQ-NH2,410.221602,2,Heart_3,Heart_3.mzML,13.67,14.35
PEP-SCG5,SVNPYLQ-NH2,410.221602,2,Ileum_1,Gut_1.mzML,13.67,14.35
PEP-SCG5,SVNPYLQ-NH2,410.221602,2,Ileum_2,Gut_2.mzML,13.67,14.35
PEP-SCG5,SVNPYLQ-NH2,410.221602,2,Ileum_3,Gut_3.mzML,13.67,14.35
PEP-SCG5,SVNPYLQ-NH2,410.221602,2,Kidney_1,Kidney_1.mzML,13.67,14.35
PEP-SCG5,SVNPYLQ-NH2,410.221602,2,Kidney_2,Kidney_2.mzML,13.67,14.35
PEP-SCG5,SVNPYLQ-NH2,410.221602,2,Kidney_3,Kidney_3.mzML,13.67,14.35
PEP-SCG5,SVNPYLQ-NH2,410.221602,2,Liver_1,Liver_1.mzML,13.67,14.35
PEP-SCG5,SVNPYLQ-NH2,410.221602,2,Liver_2,Liver_2.mzML,13.67,14.35
PEP-SCG5,SVNPYLQ-NH2,410.221602,2,Liver_3,Liver_3.mzML,13.67,14.35
PEP-SCG5,SVNPYLQ-NH2,410.221602,2,Lung_1,Lung_1.mzML,13.67,14.35
PEP-SCG5,SVNPYLQ-NH2,410.221602,2,Lung_2,Lung_2.mzML,13.67,14.35
PEP-SCG5,SVNPYLQ-NH2,410.221602,2,Lung_3,Lung_3.mzML,13.67,14.35
PEP-SCG5,SVNPYLQ-NH2,410.221602,2,Pancreas_1,Pancreas_1.mzML,13.67,14.35
PEP-SCG5,SVNPYLQ-NH2,410.221602,2,Pancreas_2,Pancreas_2.mzML,13.67,14.35
PEP-SCG5,SVNPYLQ-NH2,410.221602,2,Pancreas_3,Pancreas_3.mzML,13.67,14.35
PEP-SCG5,SVNPYLQ-NH2,410.221602,2,Quad_1,Quad_1.mzML,13.67,14.35
PEP-SCG5,SVNPYLQ-NH2,410.221602,2,Quad_2,Quad_2.mzML,13.67,14.35
PEP-SCG5,SVNPYLQ-NH2,410.221602,2,Quad_3,Quad_3.mzML,13.67,14.35
PEP-SCG5,SVNPYLQ-NH2,410.221602,2,Spleen_1,Spleen_1.mzML,13.67,14.35
PEP-SCG5,SVNPYLQ-NH2,410.221602,2,Spleen_2,Spleen_2.mzML,13.67,14.35
PEP-SCG5,SVNPYLQ-NH2,410.221602,2,Spleen_3,Spleen_3.mzML,13.67,14.35
PEP-SCG5,SVNPYLQ-NH2,410.221602,2,iWAT_1,iWAT_1.mzML,13.67,14.35
PEP-SCG5,SVNPYLQ-NH2,410.221602,2,iWAT_2,iWAT_2.mzML,13.67,14.35
PEP-SCG5,SVNPYLQ-NH2,410.221602,2,iWAT_3,iWAT_3.mzML,13.67,14.35
PEP-SCG5,SVNPYLQ-NH2,410.221602,2,plasma_1,plasma_1.mzML,13.67,14.35
PEP-SCG5,SVNPYLQ-NH2,410.221602,2,plasma_2,plasma_2.mzML,13.67,14.35
PEP-SCG5,SVNPYLQ-NH2,410.221602,2,plasma_3,plasma_3.mzML,13.67,14.35
PEP-TAC1,PKPQQFFGLM-NH2,596.320793,2,1uMStd6,1uMStd6.mzML,22.04,22.68
PEP-TAC1,PKPQQFFGLM-NH2,596.320793,2,BAT_1,BAT_1.mzML,22.04,22.68
PEP-TAC1,PKPQQFFGLM-NH2,596.320793,2,BAT_2,BAT_2.mzML,22.04,22.68
PEP-TAC1,PKPQQFFGLM-NH2,596.320793,2,BAT_3,BAT_3.mzML,22.04,22.68
PEP-TAC1,PKPQQFFGLM-NH2,596.320793,2,Brain_1,Brain_1.mzML,22.04,22.68
PEP-TAC1,PKPQQFFGLM-NH2,596.320793,2,Brain_2,Brain_2.mzML,22.04,22.68
PEP-TAC1,PKPQQFFGLM-NH2,596.320793,2,Brain_3,Brain_3.mzML,22.04,22.68
PEP-TAC1,PKPQQFFGLM-NH2,596.320793,2,Heart_1,Heart_1.mzML,22.04,22.68
PEP-TAC1,PKPQQFFGLM-NH2,596.320793,2,Heart_2,Heart_2.mzML,22.04,22.68
PEP-TAC1,PKPQQFFGLM-NH2,596.320793,2,Heart_3,Heart_3.mzML,22.04,22.68
PEP-TAC1,PKPQQFFGLM-NH2,596.320793,2,Ileum_1,Gut_1.mzML,22.04,22.68
PEP-TAC1,PKPQQFFGLM-NH2,596.320793,2,Ileum_2,Gut_2.mzML,22.04,22.68
PEP-TAC1,PKPQQFFGLM-NH2,596.320793,2,Ileum_3,Gut_3.mzML,22.04,22.68
PEP-TAC1,PKPQQFFGLM-NH2,596.320793,2,Kidney_1,Kidney_1.mzML,22.04,22.68
PEP-TAC1,PKPQQFFGLM-NH2,596.320793,2,Kidney_2,Kidney_2.mzML,22.04,22.68
PEP-TAC1,PKPQQFFGLM-NH2,596.320793,2,Kidney_3,Kidney_3.mzML,22.04,22.68
PEP-TAC1,PKPQQFFGLM-NH2,596.320793,2,Liver_1,Liver_1.mzML,22.04,22.68
PEP-TAC1,PKPQQFFGLM-NH2,596.320793,2,Liver_2,Liver_2.mzML,22.04,22.68
PEP-TAC1,PKPQQFFGLM-NH2,596.320793,2,Liver_3,Liver_3.mzML,22.04,22.68
PEP-TAC1,PKPQQFFGLM-NH2,596.320793,2,Lung_1,Lung_1.mzML,22.04,22.68
PEP-TAC1,PKPQQFFGLM-NH2,596.320793,2,Lung_2,Lung_2.mzML,22.04,22.68
PEP-TAC1,PKPQQFFGLM-NH2,596.320793,2,Lung_3,Lung_3.mzML,22.04,22.68
PEP-TAC1,PKPQQFFGLM-NH2,596.320793,2,Pancreas_1,Pancreas_1.mzML,22.04,22.68
PEP-TAC1,PKPQQFFGLM-NH2,596.320793,2,Pancreas_2,Pancreas_2.mzML,22.04,22.68
PEP-TAC1,PKPQQFFGLM-NH2,596.320793,2,Pancreas_3,Pancreas_3.mzML,22.04,22.68
PEP-TAC1,PKPQQFFGLM-NH2,596.320793,2,Quad_1,Quad_1.mzML,22.04,22.68
PEP-TAC1,PKPQQFFGLM-NH2,596.320793,2,Quad_2,Quad_2.mzML,22.04,22.68
PEP-TAC1,PKPQQFFGLM-NH2,596.320793,2,Quad_3,Quad_3.mzML,22.04,22.68
PEP-TAC1,PKPQQFFGLM-NH2,596.320793,2,Spleen_1,Spleen_1.mzML,22.04,22.68
PEP-TAC1,PKPQQFFGLM-NH2,596.320793,2,Spleen_2,Spleen_2.mzML,22.04,22.68
PEP-TAC1,PKPQQFFGLM-NH2,596.320793,2,Spleen_3,Spleen_3.mzML,22.04,22.68
PEP-TAC1,PKPQQFFGLM-NH2,596.320793,2,iWAT_1,iWAT_1.mzML,22.04,22.68
PEP-TAC1,PKPQQFFGLM-NH2,596.320793,2,iWAT_2,iWAT_2.mzML,22.04,22.68
PEP-TAC1,PKPQQFFGLM-NH2,596.320793,2,iWAT_3,iWAT_3.mzML,22.04,22.68
PEP-TAC1,PKPQQFFGLM-NH2,596.320793,2,plasma_1,plasma_1.mzML,22.04,22.68
PEP-TAC1,PKPQQFFGLM-NH2,596.320793,2,plasma_2,plasma_2.mzML,22.04,22.68
PEP-TAC1,PKPQQFFGLM-NH2,596.320793,2,plasma_3,plasma_3.mzML,22.04,22.68
PEP-VIP,YLESLI-NH2,736.423967,1,1uMStd6,1uMStd6.mzML,21.08,21.98
PEP-VIP,YLESLI-NH2,736.423967,1,BAT_1,BAT_1.mzML,21.08,21.98
PEP-VIP,YLESLI-NH2,736.423967,1,BAT_2,BAT_2.mzML,21.08,21.98
PEP-VIP,YLESLI-NH2,736.423967,1,BAT_3,BAT_3.mzML,21.08,21.98
PEP-VIP,YLESLI-NH2,736.423967,1,Brain_1,Brain_1.mzML,21.07,21.98
PEP-VIP,YLESLI-NH2,736.423967,1,Brain_2,Brain_2.mzML,21.07,21.98
PEP-VIP,YLESLI-NH2,736.423967,1,Brain_3,Brain_3.mzML,21.07,21.98
PEP-VIP,YLESLI-NH2,736.423967,1,Heart_1,Heart_1.mzML,21.08,21.98
PEP-VIP,YLESLI-NH2,736.423967,1,Heart_2,Heart_2.mzML,21.08,21.98
PEP-VIP,YLESLI-NH2,736.423967,1,Heart_3,Heart_3.mzML,21.08,21.98
PEP-VIP,YLESLI-NH2,736.423967,1,Ileum_1,Gut_1.mzML,21.07,21.98
PEP-VIP,YLESLI-NH2,736.423967,1,Ileum_2,Gut_2.mzML,21.07,21.98
PEP-VIP,YLESLI-NH2,736.423967,1,Ileum_3,Gut_3.mzML,21.07,21.98
PEP-VIP,YLESLI-NH2,736.423967,1,Kidney_1,Kidney_1.mzML,21.08,21.98
PEP-VIP,YLESLI-NH2,736.423967,1,Kidney_2,Kidney_2.mzML,21.08,21.98
PEP-VIP,YLESLI-NH2,736.423967,1,Kidney_3,Kidney_3.mzML,21.07,21.98
PEP-VIP,YLESLI-NH2,736.423967,1,Liver_1,Liver_1.mzML,21.08,21.98
PEP-VIP,YLESLI-NH2,736.423967,1,Liver_2,Liver_2.mzML,21.08,21.98
PEP-VIP,YLESLI-NH2,736.423967,1,Liver_3,Liver_3.mzML,21.07,21.98
PEP-VIP,YLESLI-NH2,736.423967,1,Lung_1,Lung_1.mzML,21.08,21.98
PEP-VIP,YLESLI-NH2,736.423967,1,Lung_2,Lung_2.mzML,21.08,21.98
PEP-VIP,YLESLI-NH2,736.423967,1,Lung_3,Lung_3.mzML,21.08,21.98
PEP-VIP,YLESLI-NH2,736.423967,1,Pancreas_1,Pancreas_1.mzML,21.08,21.98
PEP-VIP,YLESLI-NH2,736.423967,1,Pancreas_2,Pancreas_2.mzML,21.08,21.98
PEP-VIP,YLESLI-NH2,736.423967,1,Pancreas_3,Pancreas_3.mzML,21.08,21.98
PEP-VIP,YLESLI-NH2,736.423967,1,Quad_1,Quad_1.mzML,21.07,21.98
PEP-VIP,YLESLI-NH2,736.423967,1,Quad_2,Quad_2.mzML,21.08,21.98
PEP-VIP,YLESLI-NH2,736.423967,1,Quad_3,Quad_3.mzML,21.08,21.98
PEP-VIP,YLESLI-NH2,736.423967,1,Spleen_1,Spleen_1.mzML,21.08,21.98
PEP-VIP,YLESLI-NH2,736.423967,1,Spleen_2,Spleen_2.mzML,21.08,21.98
PEP-VIP,YLESLI-NH2,736.423967,1,Spleen_3,Spleen_3.mzML,21.08,21.98
PEP-VIP,YLESLI-NH2,736.423967,1,iWAT_1,iWAT_1.mzML,21.08,21.98
PEP-VIP,YLESLI-NH2,736.423967,1,iWAT_2,iWAT_2.mzML,21.08,21.98
PEP-VIP,YLESLI-NH2,736.423967,1,iWAT_3,iWAT_3.mzML,21.08,21.98
PEP-VIP,YLESLI-NH2,736.423967,1,plasma_1,plasma_1.mzML,21.08,21.98
PEP-VIP,YLESLI-NH2,736.423967,1,plasma_2,plasma_2.mzML,21.08,21.98
PEP-VIP,YLESLI-NH2,736.423967,1,plasma_3,plasma_3.mzML,21.08,21.98
PEP-VIP-2,YLNSILN-NH2,835.467229,1,1uMStd6,1uMStd6.mzML,19.49,20.03
PEP-VIP-2,YLNSILN-NH2,835.467229,1,BAT_1,BAT_1.mzML,19.49,20.03
PEP-VIP-2,YLNSILN-NH2,835.467229,1,BAT_2,BAT_2.mzML,19.49,20.03
PEP-VIP-2,YLNSILN-NH2,835.467229,1,BAT_3,BAT_3.mzML,19.49,20.03
PEP-VIP-2,YLNSILN-NH2,835.467229,1,Brain_1,Brain_1.mzML,19.49,20.03
PEP-VIP-2,YLNSILN-NH2,835.467229,1,Brain_2,Brain_2.mzML,19.49,20.03
PEP-VIP-2,YLNSILN-NH2,835.467229,1,Brain_3,Brain_3.mzML,19.49,20.03
PEP-VIP-2,YLNSILN-NH2,835.467229,1,Heart_1,Heart_1.mzML,19.49,20.03
PEP-VIP-2,YLNSILN-NH2,835.467229,1,Heart_2,Heart_2.mzML,19.49,20.03
PEP-VIP-2,YLNSILN-NH2,835.467229,1,Heart_3,Heart_3.mzML,19.49,20.03
PEP-VIP-2,YLNSILN-NH2,835.467229,1,Ileum_1,Gut_1.mzML,19.49,20.03
PEP-VIP-2,YLNSILN-NH2,835.467229,1,Ileum_2,Gut_2.mzML,19.49,20.03
PEP-VIP-2,YLNSILN-NH2,835.467229,1,Ileum_3,Gut_3.mzML,19.49,20.03
PEP-VIP-2,YLNSILN-NH2,835.467229,1,Kidney_1,Kidney_1.mzML,19.49,20.03
PEP-VIP-2,YLNSILN-NH2,835.467229,1,Kidney_2,Kidney_2.mzML,19.49,20.03
PEP-VIP-2,YLNSILN-NH2,835.467229,1,Kidney_3,Kidney_3.mzML,19.49,20.03
PEP-VIP-2,YLNSILN-NH2,835.467229,1,Liver_1,Liver_1.mzML,19.49,20.03
PEP-VIP-2,YLNSILN-NH2,835.467229,1,Liver_2,Liver_2.mzML,19.49,20.03
PEP-VIP-2,YLNSILN-NH2,835.467229,1,Liver_3,Liver_3.mzML,19.49,20.03
PEP-VIP-2,YLNSILN-NH2,835.467229,1,Lung_1,Lung_1.mzML,19.49,20.03
PEP-VIP-2,YLNSILN-NH2,835.467229,1,Lung_2,Lung_2.mzML,19.49,20.03
PEP-VIP-2,YLNSILN-NH2,835.467229,1,Lung_3,Lung_3.mzML,19.49,20.03
PEP-VIP-2,YLNSILN-NH2,835.467229,1,Pancreas_1,Pancreas_1.mzML,19.49,20.03
PEP-VIP-2,YLNSILN-NH2,835.467229,1,Pancreas_2,Pancreas_2.mzML,19.49,20.03
PEP-VIP-2,YLNSILN-NH2,835.467229,1,Pancreas_3,Pancreas_3.mzML,19.49,20.03
PEP-VIP-2,YLNSILN-NH2,835.467229,1,Quad_1,Quad_1.mzML,19.49,20.03
PEP-VIP-2,YLNSILN-NH2,835.467229,1,Quad_2,Quad_2.mzML,19.49,20.03
PEP-VIP-2,YLNSILN-NH2,835.467229,1,Quad_3,Quad_3.mzML,19.49,20.03
PEP-VIP-2,YLNSILN-NH2,835.467229,1,Spleen_1,Spleen_1.mzML,19.49,20.03
PEP-VIP-2,YLNSILN-NH2,835.467229,1,Spleen_2,Spleen_2.mzML,19.49,20.03
PEP-VIP-2,YLNSILN-NH2,835.467229,1,Spleen_3,Spleen_3.mzML,19.49,20.03
PEP-VIP-2,YLNSILN-NH2,835.467229,1,iWAT_1,iWAT_1.mzML,19.49,20.03
PEP-VIP-2,YLNSILN-NH2,835.467229,1,iWAT_2,iWAT_2.mzML,19.49,20.03
PEP-VIP-2,YLNSILN-NH2,835.467229,1,iWAT_3,iWAT_3.mzML,19.49,20.03
PEP-VIP-2,YLNSILN-NH2,835.467229,1,plasma_1,plasma_1.mzML,19.49,20.03
PEP-VIP-2,YLNSILN-NH2,835.467229,1,plasma_2,plasma_2.mzML,19.49,20.03
PEP-VIP-2,YLNSILN-NH2,835.467229,1,plasma_3,plasma_3.mzML,19.49,20.03
PEP-VWCE,RGYT-NH2,495.267407,1,1uMStd6,1uMStd6.mzML,1.39,1.68
PEP-VWCE,RGYT-NH2,495.267407,1,BAT_1,BAT_1.mzML,1.39,1.68
PEP-VWCE,RGYT-NH2,495.267407,1,BAT_2,BAT_2.mzML,1.39,1.68
PEP-VWCE,RGYT-NH2,495.267407,1,BAT_3,BAT_3.mzML,1.39,1.68
PEP-VWCE,RGYT-NH2,495.267407,1,Brain_1,Brain_1.mzML,1.39,1.68
PEP-VWCE,RGYT-NH2,495.267407,1,Brain_2,Brain_2.mzML,1.39,1.68
PEP-VWCE,RGYT-NH2,495.267407,1,Brain_3,Brain_3.mzML,1.39,1.68
PEP-VWCE,RGYT-NH2,495.267407,1,Heart_1,Heart_1.mzML,1.39,1.68
PEP-VWCE,RGYT-NH2,495.267407,1,Heart_2,Heart_2.mzML,1.39,1.68
PEP-VWCE,RGYT-NH2,495.267407,1,Heart_3,Heart_3.mzML,1.39,1.68
PEP-VWCE,RGYT-NH2,495.267407,1,Ileum_1,Gut_1.mzML,1.39,1.68
PEP-VWCE,RGYT-NH2,495.267407,1,Ileum_2,Gut_2.mzML,1.39,1.68
PEP-VWCE,RGYT-NH2,495.267407,1,Ileum_3,Gut_3.mzML,1.39,1.68
PEP-VWCE,RGYT-NH2,495.267407,1,Kidney_1,Kidney_1.mzML,1.39,1.68
PEP-VWCE,RGYT-NH2,495.267407,1,Kidney_2,Kidney_2.mzML,1.39,1.68
PEP-VWCE,RGYT-NH2,495.267407,1,Kidney_3,Kidney_3.mzML,1.39,1.68
PEP-VWCE,RGYT-NH2,495.267407,1,Liver_1,Liver_1.mzML,1.39,1.68
PEP-VWCE,RGYT-NH2,495.267407,1,Liver_2,Liver_2.mzML,1.39,1.68
PEP-VWCE,RGYT-NH2,495.267407,1,Liver_3,Liver_3.mzML,1.39,1.68
PEP-VWCE,RGYT-NH2,495.267407,1,Lung_1,Lung_1.mzML,1.39,1.68
PEP-VWCE,RGYT-NH2,495.267407,1,Lung_2,Lung_2.mzML,1.39,1.68
PEP-VWCE,RGYT-NH2,495.267407,1,Lung_3,Lung_3.mzML,1.39,1.68
PEP-VWCE,RGYT-NH2,495.267407,1,Pancreas_1,Pancreas_1.mzML,1.39,1.68
PEP-VWCE,RGYT-NH2,495.267407,1,Pancreas_2,Pancreas_2.mzML,1.39,1.68
PEP-VWCE,RGYT-NH2,495.267407,1,Pancreas_3,Pancreas_3.mzML,1.39,1.68
PEP-VWCE,RGYT-NH2,495.267407,1,Quad_1,Quad_1.mzML,1.39,1.68
PEP-VWCE,RGYT-NH2,495.267407,1,Quad_2,Quad_2.mzML,1.39,1.68
PEP-VWCE,RGYT-NH2,495.267407,1,Quad_3,Quad_3.mzML,1.39,1.68
PEP-VWCE,RGYT-NH2,495.267407,1,Spleen_1,Spleen_1.mzML,1.39,1.68
PEP-VWCE,RGYT-NH2,495.267407,1,Spleen_2,Spleen_2.mzML,1.39,1.68
PEP-VWCE,RGYT-NH2,495.267407,1,Spleen_3,Spleen_3.mzML,1.39,1.68
PEP-VWCE,RGYT-NH2,495.267407,1,iWAT_1,iWAT_1.mzML,1.39,1.68
PEP-VWCE,RGYT-NH2,495.267407,1,iWAT_2,iWAT_2.mzML,1.39,1.68
PEP-VWCE,RGYT-NH2,495.267407,1,iWAT_3,iWAT_3.mzML,1.39,1.68
PEP-VWCE,RGYT-NH2,495.267407,1,plasma_1,plasma_1.mzML,1.39,1.68
PEP-VWCE,RGYT-NH2,495.267407,1,plasma_2,plasma_2.mzML,1.39,1.68
PEP-VWCE,RGYT-NH2,495.267407,1,plasma_3,plasma_3.mzML,1.39,1.68
PEP-VWDE,VLED-NH2,474.255839,1,1uMStd6,1uMStd6.mzML,2.72,5.94
PEP-VWDE,VLED-NH2,474.255839,1,BAT_1,BAT_1.mzML,2.72,5.94
PEP-VWDE,VLED-NH2,474.255839,1,BAT_2,BAT_2.mzML,2.72,5.94
PEP-VWDE,VLED-NH2,474.255839,1,BAT_3,BAT_3.mzML,2.72,5.94
PEP-VWDE,VLED-NH2,474.255839,1,Brain_1,Brain_1.mzML,2.72,5.94
PEP-VWDE,VLED-NH2,474.255839,1,Brain_2,Brain_2.mzML,2.72,5.94
PEP-VWDE,VLED-NH2,474.255839,1,Brain_3,Brain_3.mzML,2.72,5.94
PEP-VWDE,VLED-NH2,474.255839,1,Heart_1,Heart_1.mzML,2.72,5.94
PEP-VWDE,VLED-NH2,474.255839,1,Heart_2,Heart_2.mzML,2.72,5.94
PEP-VWDE,VLED-NH2,474.255839,1,Heart_3,Heart_3.mzML,2.72,5.94
PEP-VWDE,VLED-NH2,474.255839,1,Ileum_1,Gut_1.mzML,2.72,5.94
PEP-VWDE,VLED-NH2,474.255839,1,Ileum_2,Gut_2.mzML,2.72,5.94
PEP-VWDE,VLED-NH2,474.255839,1,Ileum_3,Gut_3.mzML,2.72,5.94
PEP-VWDE,VLED-NH2,474.255839,1,Kidney_1,Kidney_1.mzML,2.72,5.94
PEP-VWDE,VLED-NH2,474.255839,1,Kidney_2,Kidney_2.mzML,2.72,5.94
PEP-VWDE,VLED-NH2,474.255839,1,Kidney_3,Kidney_3.mzML,2.72,5.94
PEP-VWDE,VLED-NH2,474.255839,1,Liver_1,Liver_1.mzML,2.72,5.94
PEP-VWDE,VLED-NH2,474.255839,1,Liver_2,Liver_2.mzML,2.72,5.94
PEP-VWDE,VLED-NH2,474.255839,1,Liver_3,Liver_3.mzML,2.72,5.94
PEP-VWDE,VLED-NH2,474.255839,1,Lung_1,Lung_1.mzML,2.72,5.94
PEP-VWDE,VLED-NH2,474.255839,1,Lung_2,Lung_2.mzML,2.72,5.94
PEP-VWDE,VLED-NH2,474.255839,1,Lung_3,Lung_3.mzML,2.72,5.94
PEP-VWDE,VLED-NH2,474.255839,1,Pancreas_1,Pancreas_1.mzML,2.72,5.94
PEP-VWDE,VLED-NH2,474.255839,1,Pancreas_2,Pancreas_2.mzML,2.72,5.94
PEP-VWDE,VLED-NH2,474.255839,1,Pancreas_3,Pancreas_3.mzML,2.72,5.94
PEP-VWDE,VLED-NH2,474.255839,1,Quad_1,Quad_1.mzML,2.72,5.94
PEP-VWDE,VLED-NH2,474.255839,1,Quad_2,Quad_2.mzML,2.72,5.94
PEP-VWDE,VLED-NH2,474.255839,1,Quad_3,Quad_3.mzML,2.72,5.94
PEP-VWDE,VLED-NH2,474.255839,1,Spleen_1,Spleen_1.mzML,2.72,5.94
PEP-VWDE,VLED-NH2,474.255839,1,Spleen_2,Spleen_2.mzML,2.72,5.94
PEP-VWDE,VLED-NH2,474.255839,1,Spleen_3,Spleen_3.mzML,2.72,5.94
PEP-VWDE,VLED-NH2,474.255839,1,iWAT_1,iWAT_1.mzML,2.72,5.94
PEP-VWDE,VLED-NH2,474.255839,1,iWAT_2,iWAT_2.mzML,2.72,5.94
PEP-VWDE,VLED-NH2,474.255839,1,iWAT_3,iWAT_3.mzML,2.72,5.94
PEP-VWDE,VLED-NH2,474.255839,1,plasma_1,plasma_1.mzML,2.72,5.94
PEP-VWDE,VLED-NH2,474.255839,1,plasma_2,plasma_2.mzML,2.72,5.94
PEP-VWDE,VLED-NH2,474.255839,1,plasma_3,plasma_3.mzML,2.72,5.94
PEP-VWF,SFSILGNFQD-NH2,563.780013,2,1uMStd6,1uMStd6.mzML,24.95,25.55
PEP-VWF,SFSILGNFQD-NH2,563.780013,2,BAT_1,BAT_1.mzML,24.95,25.55
PEP-VWF,SFSILGNFQD-NH2,563.780013,2,BAT_2,BAT_2.mzML,24.95,25.55
PEP-VWF,SFSILGNFQD-NH2,563.780013,2,BAT_3,BAT_3.mzML,24.95,25.55
PEP-VWF,SFSILGNFQD-NH2,563.780013,2,Brain_1,Brain_1.mzML,24.95,25.55
PEP-VWF,SFSILGNFQD-NH2,563.780013,2,Brain_2,Brain_2.mzML,24.95,25.55
PEP-VWF,SFSILGNFQD-NH2,563.780013,2,Brain_3,Brain_3.mzML,24.95,25.55
PEP-VWF,SFSILGNFQD-NH2,563.780013,2,Heart_1,Heart_1.mzML,24.95,25.55
PEP-VWF,SFSILGNFQD-NH2,563.780013,2,Heart_2,Heart_2.mzML,24.95,25.55
PEP-VWF,SFSILGNFQD-NH2,563.780013,2,Heart_3,Heart_3.mzML,24.95,25.55
PEP-VWF,SFSILGNFQD-NH2,563.780013,2,Ileum_1,Gut_1.mzML,24.95,25.55
PEP-VWF,SFSILGNFQD-NH2,563.780013,2,Ileum_2,Gut_2.mzML,24.95,25.55
PEP-VWF,SFSILGNFQD-NH2,563.780013,2,Ileum_3,Gut_3.mzML,24.95,25.55
PEP-VWF,SFSILGNFQD-NH2,563.780013,2,Kidney_1,Kidney_1.mzML,24.95,25.55
PEP-VWF,SFSILGNFQD-NH2,563.780013,2,Kidney_2,Kidney_2.mzML,24.95,25.55
PEP-VWF,SFSILGNFQD-NH2,563.780013,2,Kidney_3,Kidney_3.mzML,24.95,25.55
PEP-VWF,SFSILGNFQD-NH2,563.780013,2,Liver_1,Liver_1.mzML,24.95,25.55
PEP-VWF,SFSILGNFQD-NH2,563.780013,2,Liver_2,Liver_2.mzML,24.95,25.55
PEP-VWF,SFSILGNFQD-NH2,563.780013,2,Liver_3,Liver_3.mzML,24.95,25.55
PEP-VWF,SFSILGNFQD-NH2,563.780013,2,Lung_1,Lung_1.mzML,24.95,25.55
PEP-VWF,SFSILGNFQD-NH2,563.780013,2,Lung_2,Lung_2.mzML,24.95,25.55
PEP-VWF,SFSILGNFQD-NH2,563.780013,2,Lung_3,Lung_3.mzML,24.95,25.55
PEP-VWF,SFSILGNFQD-NH2,563.780013,2,Pancreas_1,Pancreas_1.mzML,24.95,25.55
PEP-VWF,SFSILGNFQD-NH2,563.780013,2,Pancreas_2,Pancreas_2.mzML,24.95,25.55
PEP-VWF,SFSILGNFQD-NH2,563.780013,2,Pancreas_3,Pancreas_3.mzML,24.95,25.55
PEP-VWF,SFSILGNFQD-NH2,563.780013,2,Quad_1,Quad_1.mzML,24.95,25.55
PEP-VWF,SFSILGNFQD-NH2,563.780013,2,Quad_2,Quad_2.mzML,24.95,25.55
PEP-VWF,SFSILGNFQD-NH2,563.780013,2,Quad_3,Quad_3.mzML,24.95,25.55
PEP-VWF,SFSILGNFQD-NH2,563.780013,2,Spleen_1,Spleen_1.mzML,24.95,25.55
PEP-VWF,SFSILGNFQD-NH2,563.780013,2,Spleen_2,Spleen_2.mzML,24.95,25.55
PEP-VWF,SFSILGNFQD-NH2,563.780013,2,Spleen_3,Spleen_3.mzML,24.95,25.55
PEP-VWF,SFSILGNFQD-NH2,563.780013,2,iWAT_1,iWAT_1.mzML,24.95,25.55
PEP-VWF,SFSILGNFQD-NH2,563.780013,2,iWAT_2,iWAT_2.mzML,24.95,25.55
PEP-VWF,SFSILGNFQD-NH2,563.780013,2,iWAT_3,iWAT_3.mzML,24.95,25.55
PEP-VWF,SFSILGNFQD-NH2,563.780013,2,plasma_1,plasma_1.mzML,24.95,25.55
PEP-VWF,SFSILGNFQD-NH2,563.780013,2,plasma_2,plasma_2.mzML,24.95,25.55
PEP-VWF,SFSILGNFQD-NH2,563.780013,2,plasma_3,plasma_3.mzML,24.95,25.55
PEP-WFDC6A,C*C*LFSC*-NH2,845.310277,1,1uMStd6,1uMStd6.mzML,15.22,16.4
PEP-WFDC6A,C*C*LFSC*-NH2,845.310277,1,BAT_1,BAT_1.mzML,15.22,16.4
PEP-WFDC6A,C*C*LFSC*-NH2,845.310277,1,BAT_2,BAT_2.mzML,15.22,16.4
PEP-WFDC6A,C*C*LFSC*-NH2,845.310277,1,BAT_3,BAT_3.mzML,15.22,16.4
PEP-WFDC6A,C*C*LFSC*-NH2,845.310277,1,Brain_1,Brain_1.mzML,15.22,16.4
PEP-WFDC6A,C*C*LFSC*-NH2,845.310277,1,Brain_2,Brain_2.mzML,15.22,16.4
PEP-WFDC6A,C*C*LFSC*-NH2,845.310277,1,Brain_3,Brain_3.mzML,15.22,16.4
PEP-WFDC6A,C*C*LFSC*-NH2,845.310277,1,Heart_1,Heart_1.mzML,15.22,16.4
PEP-WFDC6A,C*C*LFSC*-NH2,845.310277,1,Heart_2,Heart_2.mzML,15.22,16.4
PEP-WFDC6A,C*C*LFSC*-NH2,845.310277,1,Heart_3,Heart_3.mzML,15.22,16.4
PEP-WFDC6A,C*C*LFSC*-NH2,845.310277,1,Ileum_1,Gut_1.mzML,15.22,16.4
PEP-WFDC6A,C*C*LFSC*-NH2,845.310277,1,Ileum_2,Gut_2.mzML,15.22,16.4
PEP-WFDC6A,C*C*LFSC*-NH2,845.310277,1,Ileum_3,Gut_3.mzML,15.22,16.4
PEP-WFDC6A,C*C*LFSC*-NH2,845.310277,1,Kidney_1,Kidney_1.mzML,15.22,16.4
PEP-WFDC6A,C*C*LFSC*-NH2,845.310277,1,Kidney_2,Kidney_2.mzML,15.22,16.4
PEP-WFDC6A,C*C*LFSC*-NH2,845.310277,1,Kidney_3,Kidney_3.mzML,15.22,16.4
PEP-WFDC6A,C*C*LFSC*-NH2,845.310277,1,Liver_1,Liver_1.mzML,15.22,16.4
PEP-WFDC6A,C*C*LFSC*-NH2,845.310277,1,Liver_2,Liver_2.mzML,15.22,16.4
PEP-WFDC6A,C*C*LFSC*-NH2,845.310277,1,Liver_3,Liver_3.mzML,15.22,16.4
PEP-WFDC6A,C*C*LFSC*-NH2,845.310277,1,Lung_1,Lung_1.mzML,15.22,16.4
PEP-WFDC6A,C*C*LFSC*-NH2,845.310277,1,Lung_2,Lung_2.mzML,15.22,16.4
PEP-WFDC6A,C*C*LFSC*-NH2,845.310277,1,Lung_3,Lung_3.mzML,15.22,16.4
PEP-WFDC6A,C*C*LFSC*-NH2,845.310277,1,Pancreas_1,Pancreas_1.mzML,15.22,16.4
PEP-WFDC6A,C*C*LFSC*-NH2,845.310277,1,Pancreas_2,Pancreas_2.mzML,15.22,16.4
PEP-WFDC6A,C*C*LFSC*-NH2,845.310277,1,Pancreas_3,Pancreas_3.mzML,15.22,16.4
PEP-WFDC6A,C*C*LFSC*-NH2,845.310277,1,Quad_1,Quad_1.mzML,15.22,16.4
PEP-WFDC6A,C*C*LFSC*-NH2,845.310277,1,Quad_2,Quad_2.mzML,15.22,16.4
PEP-WFDC6A,C*C*LFSC*-NH2,845.310277,1,Quad_3,Quad_3.mzML,15.22,16.4
PEP-WFDC6A,C*C*LFSC*-NH2,845.310277,1,Spleen_1,Spleen_1.mzML,15.22,16.4
PEP-WFDC6A,C*C*LFSC*-NH2,845.310277,1,Spleen_2,Spleen_2.mzML,15.22,16.4
PEP-WFDC6A,C*C*LFSC*-NH2,845.310277,1,Spleen_3,Spleen_3.mzML,15.22,16.4
PEP-WFDC6A,C*C*LFSC*-NH2,845.310277,1,iWAT_1,iWAT_1.mzML,15.22,16.4
PEP-WFDC6A,C*C*LFSC*-NH2,845.310277,1,iWAT_2,iWAT_2.mzML,15.22,16.4
PEP-WFDC6A,C*C*LFSC*-NH2,845.310277,1,iWAT_3,iWAT_3.mzML,15.22,16.4
PEP-WFDC6A,C*C*LFSC*-NH2,845.310277,1,plasma_1,plasma_1.mzML,15.22,16.4
PEP-WFDC6A,C*C*LFSC*-NH2,845.310277,1,plasma_2,plasma_2.mzML,15.22,16.4
PEP-WFDC6A,C*C*LFSC*-NH2,845.310277,1,plasma_3,plasma_3.mzML,15.22,16.4
PEP-WNT7B,LMNLHNNEA-NH2,527.758557,2,1uMStd6,1uMStd6.mzML,10.52,11.12
PEP-WNT7B,LMNLHNNEA-NH2,527.758557,2,BAT_1,BAT_1.mzML,10.52,11.12
PEP-WNT7B,LMNLHNNEA-NH2,527.758557,2,BAT_2,BAT_2.mzML,10.52,11.12
PEP-WNT7B,LMNLHNNEA-NH2,527.758557,2,BAT_3,BAT_3.mzML,10.52,11.12
PEP-WNT7B,LMNLHNNEA-NH2,527.758557,2,Brain_1,Brain_1.mzML,10.52,11.12
PEP-WNT7B,LMNLHNNEA-NH2,527.758557,2,Brain_2,Brain_2.mzML,10.52,11.12
PEP-WNT7B,LMNLHNNEA-NH2,527.758557,2,Brain_3,Brain_3.mzML,10.52,11.12
PEP-WNT7B,LMNLHNNEA-NH2,527.758557,2,Heart_1,Heart_1.mzML,10.52,11.12
PEP-WNT7B,LMNLHNNEA-NH2,527.758557,2,Heart_2,Heart_2.mzML,10.52,11.12
PEP-WNT7B,LMNLHNNEA-NH2,527.758557,2,Heart_3,Heart_3.mzML,10.52,11.12
PEP-WNT7B,LMNLHNNEA-NH2,527.758557,2,Ileum_1,Gut_1.mzML,10.52,11.12
PEP-WNT7B,LMNLHNNEA-NH2,527.758557,2,Ileum_2,Gut_2.mzML,10.52,11.12
PEP-WNT7B,LMNLHNNEA-NH2,527.758557,2,Ileum_3,Gut_3.mzML,10.52,11.12
PEP-WNT7B,LMNLHNNEA-NH2,527.758557,2,Kidney_1,Kidney_1.mzML,10.52,11.12
PEP-WNT7B,LMNLHNNEA-NH2,527.758557,2,Kidney_2,Kidney_2.mzML,10.52,11.12
PEP-WNT7B,LMNLHNNEA-NH2,527.758557,2,Kidney_3,Kidney_3.mzML,10.52,11.12
PEP-WNT7B,LMNLHNNEA-NH2,527.758557,2,Liver_1,Liver_1.mzML,10.52,11.12
PEP-WNT7B,LMNLHNNEA-NH2,527.758557,2,Liver_2,Liver_2.mzML,10.52,11.12
PEP-WNT7B,LMNLHNNEA-NH2,527.758557,2,Liver_3,Liver_3.mzML,10.52,11.12
PEP-WNT7B,LMNLHNNEA-NH2,527.758557,2,Lung_1,Lung_1.mzML,10.52,11.12
PEP-WNT7B,LMNLHNNEA-NH2,527.758557,2,Lung_2,Lung_2.mzML,10.52,11.12
PEP-WNT7B,LMNLHNNEA-NH2,527.758557,2,Lung_3,Lung_3.mzML,10.52,11.12
PEP-WNT7B,LMNLHNNEA-NH2,527.758557,2,Pancreas_1,Pancreas_1.mzML,10.52,11.12
PEP-WNT7B,LMNLHNNEA-NH2,527.758557,2,Pancreas_2,Pancreas_2.mzML,10.52,11.12
PEP-WNT7B,LMNLHNNEA-NH2,527.758557,2,Pancreas_3,Pancreas_3.mzML,10.52,11.12
PEP-WNT7B,LMNLHNNEA-NH2,527.758557,2,Quad_1,Quad_1.mzML,10.52,11.12
PEP-WNT7B,LMNLHNNEA-NH2,527.758557,2,Quad_2,Quad_2.mzML,10.52,11.12
PEP-WNT7B,LMNLHNNEA-NH2,527.758557,2,Quad_3,Quad_3.mzML,10.52,11.12
PEP-WNT7B,LMNLHNNEA-NH2,527.758557,2,Spleen_1,Spleen_1.mzML,10.52,11.12
PEP-WNT7B,LMNLHNNEA-NH2,527.758557,2,Spleen_2,Spleen_2.mzML,10.52,11.12
PEP-WNT7B,LMNLHNNEA-NH2,527.758557,2,Spleen_3,Spleen_3.mzML,10.52,11.12
PEP-WNT7B,LMNLHNNEA-NH2,527.758557,2,iWAT_1,iWAT_1.mzML,10.52,11.12
PEP-WNT7B,LMNLHNNEA-NH2,527.758557,2,iWAT_2,iWAT_2.mzML,10.52,11.12
PEP-WNT7B,LMNLHNNEA-NH2,527.758557,2,iWAT_3,iWAT_3.mzML,10.52,11.12
PEP-WNT7B,LMNLHNNEA-NH2,527.758557,2,plasma_1,plasma_1.mzML,10.52,11.12
PEP-WNT7B,LMNLHNNEA-NH2,527.758557,2,plasma_2,plasma_2.mzML,10.52,11.12
PEP-WNT7B,LMNLHNNEA-NH2,527.758557,2,plasma_3,plasma_3.mzML,10.52,11.12
TRH,pGlu-HP-NH2,363.177529,1,1uMStd6,1uMStd6.mzML,0.98,1.87
TRH,pGlu-HP-NH2,363.177529,1,BAT_1,BAT_1.mzML,0.98,1.87
TRH,pGlu-HP-NH2,363.177529,1,BAT_2,BAT_2.mzML,0.98,1.87
TRH,pGlu-HP-NH2,363.177529,1,BAT_3,BAT_3.mzML,0.98,1.87
TRH,pGlu-HP-NH2,363.177529,1,Brain_1,Brain_1.mzML,0.98,1.87
TRH,pGlu-HP-NH2,363.177529,1,Brain_2,Brain_2.mzML,0.98,1.87
TRH,pGlu-HP-NH2,363.177529,1,Brain_3,Brain_3.mzML,0.98,1.87
TRH,pGlu-HP-NH2,363.177529,1,Heart_1,Heart_1.mzML,0.98,1.87
TRH,pGlu-HP-NH2,363.177529,1,Heart_2,Heart_2.mzML,0.98,1.87
TRH,pGlu-HP-NH2,363.177529,1,Heart_3,Heart_3.mzML,0.98,1.87
TRH,pGlu-HP-NH2,363.177529,1,Ileum_1,Gut_1.mzML,0.98,1.87
TRH,pGlu-HP-NH2,363.177529,1,Ileum_2,Gut_2.mzML,0.98,1.87
TRH,pGlu-HP-NH2,363.177529,1,Ileum_3,Gut_3.mzML,0.98,1.87
TRH,pGlu-HP-NH2,363.177529,1,Kidney_1,Kidney_1.mzML,0.98,1.87
TRH,pGlu-HP-NH2,363.177529,1,Kidney_2,Kidney_2.mzML,0.98,1.87
TRH,pGlu-HP-NH2,363.177529,1,Kidney_3,Kidney_3.mzML,0.98,1.87
TRH,pGlu-HP-NH2,363.177529,1,Liver_1,Liver_1.mzML,0.98,1.87
TRH,pGlu-HP-NH2,363.177529,1,Liver_2,Liver_2.mzML,0.98,1.87
TRH,pGlu-HP-NH2,363.177529,1,Liver_3,Liver_3.mzML,0.98,1.87
TRH,pGlu-HP-NH2,363.177529,1,Lung_1,Lung_1.mzML,0.98,1.87
TRH,pGlu-HP-NH2,363.177529,1,Lung_2,Lung_2.mzML,0.98,1.87
TRH,pGlu-HP-NH2,363.177529,1,Lung_3,Lung_3.mzML,0.98,1.87
TRH,pGlu-HP-NH2,363.177529,1,Pancreas_1,Pancreas_1.mzML,0.98,1.87
TRH,pGlu-HP-NH2,363.177529,1,Pancreas_2,Pancreas_2.mzML,0.98,1.87
TRH,pGlu-HP-NH2,363.177529,1,Pancreas_3,Pancreas_3.mzML,0.98,1.87
TRH,pGlu-HP-NH2,363.177529,1,Quad_1,Quad_1.mzML,0.98,1.87
TRH,pGlu-HP-NH2,363.177529,1,Quad_2,Quad_2.mzML,0.98,1.87
TRH,pGlu-HP-NH2,363.177529,1,Quad_3,Quad_3.mzML,0.98,1.87
TRH,pGlu-HP-NH2,363.177529,1,Spleen_1,Spleen_1.mzML,0.98,1.87
TRH,pGlu-HP-NH2,363.177529,1,Spleen_2,Spleen_2.mzML,0.98,1.87
TRH,pGlu-HP-NH2,363.177529,1,Spleen_3,Spleen_3.mzML,0.98,1.87
TRH,pGlu-HP-NH2,363.177529,1,iWAT_1,iWAT_1.mzML,0.98,1.87
TRH,pGlu-HP-NH2,363.177529,1,iWAT_2,iWAT_2.mzML,0.98,1.87
TRH,pGlu-HP-NH2,363.177529,1,iWAT_3,iWAT_3.mzML,0.98,1.87
TRH,pGlu-HP-NH2,363.177529,1,plasma_1,plasma_1.mzML,0.98,1.87
TRH,pGlu-HP-NH2,363.177529,1,plasma_2,plasma_2.mzML,0.98,1.87
TRH,pGlu-HP-NH2,363.177529,1,plasma_3,plasma_3.mzML,0.98,1.87
